Date,Open,High,Low,Close,Volume,Market Cap,Cryptocurrency
"Dec 31, 2024",$2.0575,$2.1410,$2.0141,$2.0801,"$4,725,443,244","$119,420,209,569",XRP
"Dec 30, 2024",$2.0932,$2.1432,$2.0002,$2.0576,"$6,671,570,513","$118,124,149,020",XRP
"Dec 29, 2024",$2.1808,$2.1928,$2.0720,$2.0932,"$3,053,146,362","$120,170,454,381",XRP
"Dec 28, 2024",$2.1417,$2.1995,$2.1350,$2.1808,"$2,759,395,789","$125,202,117,998",XRP
"Dec 27, 2024",$2.1543,$2.2313,$2.1235,$2.1417,"$5,426,840,159","$122,953,566,139",XRP
"Dec 26, 2024",$2.2959,$2.3120,$2.1341,$2.1543,"$5,466,927,247","$123,680,579,862",XRP
"Dec 25, 2024",$2.3246,$2.3278,$2.2638,$2.2960,"$3,967,858,677","$131,445,476,913",XRP
"Dec 24, 2024",$2.2573,$2.3462,$2.2145,$2.3246,"$5,976,090,472","$133,090,815,327",XRP
"Dec 23, 2024",$2.1994,$2.2685,$2.1353,$2.2573,"$10,144,129,668","$129,234,842,662",XRP
"Dec 22, 2024",$2.2378,$2.2909,$2.1671,$2.1993,"$11,275,662,705","$125,923,128,093",XRP
"Dec 21, 2024",$2.2769,$2.3816,$2.2038,$2.2381,"$14,987,697,762","$128,119,020,133",XRP
"Dec 20, 2024",$2.2489,$2.3461,$1.9695,$2.2769,"$26,858,734,292","$130,357,944,215",XRP
"Dec 19, 2024",$2.3033,$2.4264,$2.1696,$2.2489,"$23,020,304,511","$128,753,851,209",XRP
"Dec 18, 2024",$2.5652,$2.5846,$2.2874,$2.3033,"$19,855,585,018","$131,721,067,956",XRP
"Dec 17, 2024",$2.4886,$2.7177,$2.4457,$2.5652,"$17,019,845,093","$146,700,115,734",XRP
"Dec 16, 2024",$2.4470,$2.5689,$2.3449,$2.4887,"$12,061,755,485","$142,317,600,201",XRP
"Dec 15, 2024",$2.3987,$2.4654,$2.3696,$2.4470,"$6,045,150,094","$139,938,660,157",XRP
"Dec 14, 2024",$2.4213,$2.5206,$2.3579,$2.3987,"$7,815,885,534","$137,176,691,644",XRP
"Dec 13, 2024",$2.3427,$2.4723,$2.2944,$2.4213,"$9,425,468,612","$138,470,090,851",XRP
"Dec 12, 2024",$2.4001,$2.4816,$2.3170,$2.3428,"$10,907,030,447","$133,975,578,866",XRP
"Dec 11, 2024",$2.3693,$2.4659,$2.2392,$2.4001,"$14,234,882,608","$137,084,477,675",XRP
"Dec 10, 2024",$2.2192,$2.4111,$1.9123,$2.3692,"$26,630,797,341","$135,328,392,119",XRP
"Dec 09, 2024",$2.6083,$2.6083,$2.1031,$2.2190,"$19,372,805,327","$126,756,639,869",XRP
"Dec 08, 2024",$2.6165,$2.6409,$2.4924,$2.6083,"$10,558,694,953","$148,979,151,280",XRP
"Dec 07, 2024",$2.4247,$2.6173,$2.3963,$2.6166,"$12,359,080,774","$149,449,831,183",XRP
"Dec 06, 2024",$2.2509,$2.4605,$2.2395,$2.4247,"$13,380,810,341","$138,494,675,251",XRP
"Dec 05, 2024",$2.3544,$2.4850,$2.1889,$2.2952,"$21,253,973,296","$131,109,469,088",XRP
"Dec 04, 2024",$2.5256,$2.6703,$2.2956,$2.3544,"$22,033,216,003","$134,324,762,498",XRP
"Dec 03, 2024",$2.7139,$2.8649,$2.3610,$2.5255,"$43,498,034,453","$144,087,179,578",XRP
"Dec 02, 2024",$2.3207,$2.8497,$2.2439,$2.7138,"$51,723,383,809","$154,833,155,060",XRP
"Dec 01, 2024",$1.9441,$2.3396,$1.8536,$2.3202,"$18,321,198,113","$132,401,816,052",XRP
"Nov 30, 2024",$1.7967,$1.9549,$1.7706,$1.9441,"$16,537,204,319","$110,914,167,221",XRP
"Nov 29, 2024",$1.5413,$1.8115,$1.5279,$1.7967,"$14,734,827,154","$102,505,288,526",XRP
"Nov 28, 2024",$1.4728,$1.5424,$1.4342,$1.5413,"$5,820,667,101","$87,935,391,291",XRP
"Nov 27, 2024",$1.4013,$1.5184,$1.3573,$1.4728,"$7,766,481,602","$83,950,603,431",XRP
"Nov 26, 2024",$1.4154,$1.4565,$1.2948,$1.4013,"$9,378,581,138","$79,873,183,625",XRP
"Nov 25, 2024",$1.4324,$1.5359,$1.3643,$1.4154,"$11,517,571,350","$80,677,514,038",XRP
"Nov 24, 2024",$1.4690,$1.5091,$1.3082,$1.4324,"$11,863,424,377","$81,624,797,886",XRP
"Nov 23, 2024",$1.4690,$1.6216,$1.4275,$1.4690,"$15,468,388,183","$83,731,293,274",XRP
"Nov 22, 2024",$1.2502,$1.4969,$1.2476,$1.4690,"$19,984,456,169","$83,733,145,933",XRP
"Nov 21, 2024",$1.1023,$1.2518,$1.0821,$1.2504,"$10,451,562,188","$71,177,670,947",XRP
"Nov 20, 2024",$1.1019,$1.1466,$1.0637,$1.1023,"$6,409,028,714","$62,755,593,015",XRP
"Nov 19, 2024",$1.1179,$1.1458,$1.0738,$1.1019,"$5,884,163,705","$62,734,956,393",XRP
"Nov 18, 2024",$1.0543,$1.1833,$1.0543,$1.1179,"$9,978,319,005","$63,643,084,553",XRP
"Nov 17, 2024",$1.1191,$1.1546,$1.0055,$1.0543,"$12,066,098,151","$60,025,087,548",XRP
"Nov 16, 2024",$0.8921,$1.2567,$0.8799,$1.1191,"$22,568,823,580","$63,711,060,614",XRP
"Nov 15, 2024",$0.773,$0.9248,$0.7726,$0.8921,"$11,738,281,623","$50,787,886,168",XRP
"Nov 14, 2024",$0.6903,$0.8452,$0.6844,$0.773,"$9,458,526,339","$44,008,304,174",XRP
"Nov 13, 2024",$0.7076,$0.7435,$0.6426,$0.6903,"$7,773,620,799","$39,255,753,600",XRP
"Nov 12, 2024",$0.6205,$0.7354,$0.5991,$0.7077,"$11,156,505,329","$40,242,318,218",XRP
"Nov 11, 2024",$0.5894,$0.6307,$0.572,$0.6205,"$4,066,959,667","$35,285,114,663",XRP
"Nov 10, 2024",$0.5595,$0.616,$0.5562,$0.5894,"$4,198,897,125","$33,517,383,371",XRP
"Nov 09, 2024",$0.5541,$0.5614,$0.5451,$0.5595,"$1,238,578,019","$31,816,864,569",XRP
"Nov 08, 2024",$0.5547,$0.5597,$0.543,$0.5541,"$1,498,480,370","$31,509,715,098",XRP
"Nov 07, 2024",$0.5424,$0.5739,$0.5384,$0.5547,"$1,889,112,043","$31,546,871,797",XRP
"Nov 06, 2024",$0.514,$0.5466,$0.514,$0.5424,"$2,211,008,426","$30,847,084,575",XRP
"Nov 05, 2024",$0.5032,$0.5183,$0.502,$0.514,"$1,027,346,174","$29,232,168,029",XRP
"Nov 04, 2024",$0.5029,$0.5138,$0.4968,$0.5032,"$1,025,432,948","$28,617,812,811",XRP
"Nov 03, 2024",$0.5099,$0.5107,$0.4937,$0.5029,"$940,842,891","$28,601,030,708",XRP
"Nov 02, 2024",$0.5129,$0.5158,$0.508,$0.5098,"$527,041,359","$28,994,628,530",XRP
"Nov 01, 2024",$0.5092,$0.5234,$0.5046,$0.5129,"$1,284,409,586","$29,166,134,794",XRP
"Oct 31, 2024",$0.523,$0.5233,$0.5039,$0.5092,"$1,015,745,412","$28,959,606,416",XRP
"Oct 30, 2024",$0.5279,$0.5281,$0.5196,$0.523,"$900,858,937","$29,711,103,306",XRP
"Oct 29, 2024",$0.5192,$0.5303,$0.5185,$0.5279,"$1,076,280,681","$29,992,034,572",XRP
"Oct 28, 2024",$0.5164,$0.5208,$0.5114,$0.5192,"$837,346,671","$29,498,208,339",XRP
"Oct 27, 2024",$0.5128,$0.5171,$0.5106,$0.5164,"$509,849,012","$29,336,590,598",XRP
"Oct 26, 2024",$0.5019,$0.5144,$0.4997,$0.5128,"$703,691,734","$29,130,865,848",XRP
"Oct 25, 2024",$0.5318,$0.5318,$0.4936,$0.5019,"$1,357,198,783","$28,514,843,978",XRP
"Oct 24, 2024",$0.5256,$0.5333,$0.5245,$0.5318,"$895,039,741","$30,180,825,026",XRP
"Oct 23, 2024",$0.5334,$0.5335,$0.5128,$0.5252,"$982,705,775","$29,782,746,021",XRP
"Oct 22, 2024",$0.5449,$0.5488,$0.5303,$0.5334,"$1,120,439,497","$30,245,983,565",XRP
"Oct 21, 2024",$0.5476,$0.5594,$0.5416,$0.5449,"$1,319,986,738","$30,897,217,683",XRP
"Oct 20, 2024",$0.5442,$0.548,$0.5377,$0.5477,"$692,297,811","$31,054,674,822",XRP
"Oct 19, 2024",$0.5465,$0.5495,$0.5411,$0.5443,"$603,883,719","$30,862,032,964",XRP
"Oct 18, 2024",$0.5437,$0.5524,$0.5405,$0.5465,"$1,042,238,395","$30,992,412,669",XRP
"Oct 17, 2024",$0.548,$0.5641,$0.5429,$0.5437,"$1,406,187,768","$30,829,026,059",XRP
"Oct 16, 2024",$0.5415,$0.5531,$0.538,$0.548,"$1,085,371,530","$31,044,218,872",XRP
"Oct 15, 2024",$0.548,$0.5545,$0.5327,$0.5415,"$1,286,412,941","$30,670,650,258",XRP
"Oct 14, 2024",$0.5315,$0.5511,$0.5284,$0.548,"$1,075,594,127","$31,042,696,664",XRP
"Oct 13, 2024",$0.5396,$0.5396,$0.5257,$0.5315,"$615,540,884","$30,109,176,113",XRP
"Oct 12, 2024",$0.5383,$0.5425,$0.5357,$0.5396,"$569,251,511","$30,563,345,809",XRP
"Oct 11, 2024",$0.53,$0.5416,$0.5296,$0.5383,"$924,108,714","$30,491,766,435",XRP
"Oct 10, 2024",$0.5243,$0.5432,$0.5228,$0.53,"$1,260,651,129","$30,020,764,435",XRP
"Oct 09, 2024",$0.5309,$0.5341,$0.5219,$0.5243,"$858,437,665","$29,700,264,506",XRP
"Oct 08, 2024",$0.5299,$0.5341,$0.5216,$0.5309,"$906,939,733","$30,070,339,293",XRP
"Oct 07, 2024",$0.5336,$0.5454,$0.5298,$0.5299,"$1,192,453,387","$29,975,153,255",XRP
"Oct 06, 2024",$0.5295,$0.5367,$0.5285,$0.5336,"$595,405,724","$30,182,145,761",XRP
"Oct 05, 2024",$0.5343,$0.5349,$0.5269,$0.5295,"$685,609,430","$29,950,484,014",XRP
"Oct 04, 2024",$0.522,$0.5384,$0.5157,$0.5343,"$1,408,313,543","$30,223,140,014",XRP
"Oct 03, 2024",$0.5398,$0.5436,$0.5101,$0.522,"$2,329,769,451","$29,523,775,032",XRP
"Oct 02, 2024",$0.5975,$0.6058,$0.5307,$0.5398,"$2,624,852,688","$30,534,334,736",XRP
"Oct 01, 2024",$0.6115,$0.6336,$0.5843,$0.5975,"$2,724,318,278","$33,798,115,413",XRP
"Sep 30, 2024",$0.6419,$0.6524,$0.611,$0.6115,"$2,051,368,592","$34,588,460,773",XRP
"Sep 29, 2024",$0.6148,$0.6622,$0.6088,$0.6419,"$2,225,645,563","$36,311,025,791",XRP
"Sep 28, 2024",$0.5889,$0.6256,$0.5865,$0.6148,"$2,222,346,896","$34,775,569,754",XRP
"Sep 27, 2024",$0.5904,$0.597,$0.5833,$0.5889,"$1,236,838,134","$33,312,546,098",XRP
"Sep 26, 2024",$0.5835,$0.596,$0.5769,$0.5904,"$1,212,544,781","$33,362,317,931",XRP
"Sep 25, 2024",$0.5915,$0.5949,$0.583,$0.5835,"$995,515,964","$32,973,536,100",XRP
"Sep 24, 2024",$0.5851,$0.5924,$0.5819,$0.5915,"$988,961,520","$33,383,567,608",XRP
"Sep 23, 2024",$0.5876,$0.5952,$0.5815,$0.5851,"$998,093,828","$33,017,844,745",XRP
"Sep 22, 2024",$0.5981,$0.6041,$0.5796,$0.5876,"$886,494,819","$33,162,100,421",XRP
"Sep 21, 2024",$0.5852,$0.61,$0.5806,$0.5981,"$952,605,938","$33,756,059,310",XRP
"Sep 20, 2024",$0.5874,$0.5921,$0.577,$0.5852,"$1,225,009,128","$33,023,808,309",XRP
"Sep 19, 2024",$0.5852,$0.5941,$0.5819,$0.5874,"$1,232,042,101","$33,148,367,952",XRP
"Sep 18, 2024",$0.5845,$0.5855,$0.5631,$0.5853,"$1,185,142,249","$32,999,794,865",XRP
"Sep 17, 2024",$0.5854,$0.5932,$0.5793,$0.5845,"$1,006,340,430","$32,957,690,737",XRP
"Sep 16, 2024",$0.571,$0.5898,$0.5607,$0.5854,"$1,261,024,893","$33,009,329,085",XRP
"Sep 15, 2024",$0.5962,$0.5962,$0.5706,$0.571,"$804,536,339","$32,194,984,842",XRP
"Sep 14, 2024",$0.5731,$0.5986,$0.5712,$0.5962,"$1,163,728,418","$33,617,304,692",XRP
"Sep 13, 2024",$0.5626,$0.5745,$0.5564,$0.5731,"$1,172,399,876","$32,317,600,961",XRP
"Sep 12, 2024",$0.5353,$0.5809,$0.5341,$0.5626,"$1,649,796,650","$31,721,423,748",XRP
"Sep 11, 2024",$0.5411,$0.5411,$0.5239,$0.5353,"$894,903,276","$30,153,468,948",XRP
"Sep 10, 2024",$0.5396,$0.5426,$0.534,$0.5411,"$704,956,463","$30,478,520,682",XRP
"Sep 09, 2024",$0.5293,$0.5422,$0.5275,$0.5396,"$829,101,046","$30,397,211,044",XRP
"Sep 08, 2024",$0.5251,$0.531,$0.5218,$0.5293,"$509,773,155","$29,815,703,246",XRP
"Sep 07, 2024",$0.5213,$0.5327,$0.52,$0.5251,"$560,729,553","$29,578,147,560",XRP
"Sep 06, 2024",$0.5442,$0.547,$0.5059,$0.5213,"$1,511,246,618","$29,367,224,020",XRP
"Sep 05, 2024",$0.5582,$0.5594,$0.5413,$0.5442,"$894,618,427","$30,611,820,078",XRP
"Sep 04, 2024",$0.5574,$0.5645,$0.5399,$0.5582,"$1,106,776,733","$31,398,315,469",XRP
"Sep 03, 2024",$0.5676,$0.5721,$0.5574,$0.5574,"$814,841,749","$31,354,533,687",XRP
"Sep 02, 2024",$0.548,$0.5683,$0.5455,$0.5676,"$833,537,275","$31,927,694,215",XRP
"Sep 01, 2024",$0.5663,$0.5666,$0.5448,$0.548,"$681,339,684","$30,825,091,015",XRP
"Aug 31, 2024",$0.567,$0.5718,$0.5633,$0.5663,"$463,303,089","$31,855,926,577",XRP
"Aug 30, 2024",$0.5621,$0.5673,$0.5482,$0.567,"$1,103,086,708","$31,896,112,120",XRP
"Aug 29, 2024",$0.5698,$0.5764,$0.5593,$0.5621,"$986,899,081","$31,616,617,752",XRP
"Aug 28, 2024",$0.5675,$0.5843,$0.5582,$0.5698,"$1,341,866,722","$32,014,174,449",XRP
"Aug 27, 2024",$0.5875,$0.5996,$0.558,$0.5676,"$1,420,370,240","$31,884,873,233",XRP
"Aug 26, 2024",$0.6002,$0.6022,$0.5804,$0.5875,"$1,118,813,356","$33,003,209,317",XRP
"Aug 25, 2024",$0.6131,$0.6138,$0.5967,$0.6002,"$871,698,521","$33,718,501,284",XRP
"Aug 24, 2024",$0.6112,$0.6304,$0.6056,$0.6131,"$1,116,629,037","$34,444,557,367",XRP
"Aug 23, 2024",$0.5976,$0.6156,$0.5943,$0.6112,"$1,254,262,512","$34,339,399,344",XRP
"Aug 22, 2024",$0.6003,$0.6039,$0.5939,$0.5976,"$943,673,179","$33,573,234,744",XRP
"Aug 21, 2024",$0.5944,$0.6053,$0.5868,$0.6003,"$1,185,128,571","$33,723,594,856",XRP
"Aug 20, 2024",$0.5986,$0.6145,$0.5888,$0.5944,"$1,275,196,279","$33,355,129,880",XRP
"Aug 19, 2024",$0.5639,$0.6085,$0.5623,$0.5986,"$1,592,288,724","$33,589,838,098",XRP
"Aug 18, 2024",$0.5663,$0.5788,$0.5639,$0.5639,"$633,645,481","$31,640,690,553",XRP
"Aug 17, 2024",$0.5645,$0.5705,$0.5621,$0.5663,"$481,701,399","$31,778,172,945",XRP
"Aug 16, 2024",$0.561,$0.5703,$0.5548,$0.5645,"$1,021,214,646","$31,676,608,962",XRP
"Aug 15, 2024",$0.5692,$0.5739,$0.5525,$0.561,"$1,163,264,081","$31,477,001,959",XRP
"Aug 14, 2024",$0.5764,$0.5819,$0.5662,$0.5692,"$1,138,569,808","$31,939,108,830",XRP
"Aug 13, 2024",$0.5688,$0.5831,$0.5639,$0.5764,"$1,245,896,255","$32,344,035,696",XRP
"Aug 12, 2024",$0.5529,$0.5791,$0.5522,$0.5688,"$1,479,740,403","$31,915,352,067",XRP
"Aug 11, 2024",$0.5856,$0.5931,$0.5475,$0.5529,"$1,202,704,291","$31,021,863,581",XRP
"Aug 10, 2024",$0.5812,$0.6014,$0.5796,$0.5856,"$1,134,054,567","$32,853,905,690",XRP
"Aug 09, 2024",$0.6176,$0.6237,$0.569,$0.5812,"$2,024,450,473","$32,605,102,298",XRP
"Aug 08, 2024",$0.6008,$0.6416,$0.5809,$0.6176,"$3,502,679,662","$34,648,939,841",XRP
"Aug 07, 2024",$0.5057,$0.6408,$0.4942,$0.6008,"$4,286,385,926","$33,647,087,895",XRP
"Aug 06, 2024",$0.4895,$0.5185,$0.4893,$0.5057,"$1,747,524,592","$28,318,660,942",XRP
"Aug 05, 2024",$0.5234,$0.5253,$0.4335,$0.4895,"$4,193,893,853","$27,409,295,016",XRP
"Aug 04, 2024",$0.5564,$0.5583,$0.5164,$0.5234,"$1,209,933,394","$29,309,788,933",XRP
"Aug 03, 2024",$0.5608,$0.5765,$0.5425,$0.5564,"$1,325,726,393","$31,157,434,104",XRP
"Aug 02, 2024",$0.5965,$0.5965,$0.5496,$0.5608,"$1,884,164,485","$31,402,794,356",XRP
"Aug 01, 2024",$0.6239,$0.6294,$0.5719,$0.5965,"$1,990,603,913","$33,401,510,419",XRP
"Jul 31, 2024",$0.6279,$0.6579,$0.6238,$0.6239,"$2,419,022,403","$34,915,910,712",XRP
"Jul 30, 2024",$0.6021,$0.635,$0.5962,$0.6279,"$2,197,505,659","$35,135,673,614",XRP
"Jul 29, 2024",$0.6019,$0.6114,$0.5933,$0.6021,"$1,178,431,461","$33,693,130,276",XRP
"Jul 28, 2024",$0.5968,$0.6129,$0.5922,$0.6019,"$916,029,262","$33,685,321,446",XRP
"Jul 27, 2024",$0.6041,$0.6089,$0.5867,$0.5968,"$1,007,994,247","$33,397,172,497",XRP
"Jul 26, 2024",$0.5998,$0.6085,$0.5875,$0.6041,"$1,385,845,116","$33,804,224,175",XRP
"Jul 25, 2024",$0.6189,$0.6238,$0.5869,$0.5998,"$2,306,853,709","$33,566,119,191",XRP
"Jul 24, 2024",$0.5975,$0.6322,$0.5926,$0.6188,"$1,933,084,899","$34,599,686,682",XRP
"Jul 23, 2024",$0.6076,$0.6166,$0.5843,$0.5975,"$1,657,693,155","$33,403,652,749",XRP
"Jul 22, 2024",$0.5975,$0.6227,$0.5867,$0.6076,"$2,052,124,201","$33,972,674,011",XRP
"Jul 21, 2024",$0.5947,$0.6072,$0.5756,$0.5975,"$1,489,477,305","$33,404,772,022",XRP
"Jul 20, 2024",$0.5737,$0.6038,$0.5718,$0.5947,"$1,538,358,691","$33,246,723,442",XRP
"Jul 19, 2024",$0.5696,$0.586,$0.5426,$0.5738,"$2,340,175,055","$32,076,908,611",XRP
"Jul 18, 2024",$0.6266,$0.636,$0.5604,$0.5696,"$2,986,711,547","$31,844,588,597",XRP
"Jul 17, 2024",$0.5794,$0.6366,$0.5794,$0.6265,"$3,708,255,186","$35,026,490,365",XRP
"Jul 16, 2024",$0.5378,$0.5925,$0.5343,$0.5794,"$3,380,662,320","$32,332,260,022",XRP
"Jul 15, 2024",$0.5227,$0.5394,$0.5212,$0.5379,"$1,760,362,204","$30,016,492,084",XRP
"Jul 14, 2024",$0.5262,$0.5396,$0.5148,$0.5229,"$1,570,275,472","$29,178,535,176",XRP
"Jul 13, 2024",$0.4747,$0.5636,$0.4744,$0.5263,"$2,857,057,880","$29,371,947,720",XRP
"Jul 12, 2024",$0.449,$0.4774,$0.4452,$0.4747,"$1,596,389,224","$26,492,453,151",XRP
"Jul 11, 2024",$0.4391,$0.4528,$0.4371,$0.449,"$1,102,016,670","$25,058,887,331",XRP
"Jul 10, 2024",$0.4358,$0.4424,$0.4317,$0.439,"$967,522,144","$24,464,532,455",XRP
"Jul 09, 2024",$0.4314,$0.4374,$0.4279,$0.4359,"$986,003,310","$24,290,586,540",XRP
"Jul 08, 2024",$0.4198,$0.4421,$0.4047,$0.4315,"$1,537,507,458","$24,043,390,479",XRP
"Jul 07, 2024",$0.449,$0.449,$0.4188,$0.4198,"$758,268,409","$23,393,827,165",XRP
"Jul 06, 2024",$0.4255,$0.4495,$0.4242,$0.4491,"$723,560,145","$25,022,621,164",XRP
"Jul 05, 2024",$0.4334,$0.4334,$0.3911,$0.4255,"$2,152,542,241","$23,709,720,139",XRP
"Jul 04, 2024",$0.4667,$0.469,$0.4329,$0.4336,"$1,521,233,429","$24,160,043,856",XRP
"Jul 03, 2024",$0.4845,$0.486,$0.4626,$0.4668,"$1,275,422,799","$25,993,102,579",XRP
"Jul 02, 2024",$0.4766,$0.4877,$0.4759,$0.4845,"$844,534,843","$26,982,108,090",XRP
"Jul 01, 2024",$0.4755,$0.4828,$0.4751,$0.4766,"$813,551,774","$26,543,363,880",XRP
"Jun 30, 2024",$0.472,$0.4773,$0.47,$0.4755,"$465,426,276","$26,478,833,692",XRP
"Jun 29, 2024",$0.471,$0.4761,$0.4709,$0.472,"$402,714,114","$26,284,555,634",XRP
"Jun 28, 2024",$0.4747,$0.4802,$0.4703,$0.4709,"$937,124,567","$26,222,815,249",XRP
"Jun 27, 2024",$0.4696,$0.4765,$0.4657,$0.4747,"$840,598,295","$26,432,738,619",XRP
"Jun 26, 2024",$0.4757,$0.4778,$0.4662,$0.4696,"$886,063,357","$26,151,262,432",XRP
"Jun 25, 2024",$0.4741,$0.4795,$0.473,$0.4757,"$856,021,183","$26,456,762,761",XRP
"Jun 24, 2024",$0.4795,$0.4813,$0.4636,$0.4741,"$1,322,556,294","$26,370,953,283",XRP
"Jun 23, 2024",$0.4866,$0.4888,$0.4781,$0.4795,"$500,633,866","$26,668,285,444",XRP
"Jun 22, 2024",$0.4889,$0.4893,$0.4842,$0.4866,"$455,648,980","$27,064,949,989",XRP
"Jun 21, 2024",$0.4887,$0.4949,$0.48,$0.489,"$1,131,886,818","$27,194,821,929",XRP
"Jun 20, 2024",$0.4932,$0.5013,$0.4887,$0.4887,"$1,106,889,108","$27,181,503,154",XRP
"Jun 19, 2024",$0.4909,$0.4992,$0.488,$0.4932,"$1,001,252,678","$27,409,654,567",XRP
"Jun 18, 2024",$0.505,$0.5078,$0.4773,$0.4909,"$2,024,283,447","$27,282,233,200",XRP
"Jun 17, 2024",$0.4888,$0.5191,$0.4847,$0.5052,"$2,028,523,218","$28,071,964,918",XRP
"Jun 16, 2024",$0.4907,$0.4986,$0.4881,$0.4888,"$692,035,447","$27,164,625,234",XRP
"Jun 15, 2024",$0.4743,$0.5039,$0.4742,$0.4907,"$770,448,137","$27,267,909,137",XRP
"Jun 14, 2024",$0.477,$0.4808,$0.4647,$0.4743,"$1,220,484,176","$26,355,682,620",XRP
"Jun 13, 2024",$0.4916,$0.4916,$0.4763,$0.477,"$1,048,059,804","$26,507,364,563",XRP
"Jun 12, 2024",$0.4803,$0.4975,$0.4751,$0.4915,"$1,255,729,794","$27,283,498,128",XRP
"Jun 11, 2024",$0.4966,$0.4966,$0.4726,$0.4803,"$1,517,249,424","$26,660,696,141",XRP
"Jun 10, 2024",$0.4986,$0.5052,$0.4941,$0.4966,"$1,117,710,952","$27,565,904,379",XRP
"Jun 09, 2024",$0.4931,$0.499,$0.4918,$0.4986,"$635,952,948","$27,674,416,130",XRP
"Jun 08, 2024",$0.4989,$0.5005,$0.4913,$0.4931,"$825,177,679","$27,372,602,017",XRP
"Jun 07, 2024",$0.5216,$0.5275,$0.4636,$0.499,"$2,462,659,926","$27,694,859,364",XRP
"Jun 06, 2024",$0.5257,$0.5276,$0.5175,$0.5216,"$1,194,300,808","$28,950,669,900",XRP
"Jun 05, 2024",$0.5258,$0.5307,$0.5247,$0.5257,"$1,154,026,310","$29,150,602,971",XRP
"Jun 04, 2024",$0.5201,$0.53,$0.5185,$0.5258,"$1,165,207,605","$29,153,833,056",XRP
"Jun 03, 2024",$0.5135,$0.5225,$0.513,$0.5201,"$1,098,641,926","$28,839,718,483",XRP
"Jun 02, 2024",$0.5183,$0.5194,$0.5093,$0.5135,"$738,754,247","$28,472,741,617",XRP
"Jun 01, 2024",$0.5178,$0.5213,$0.5175,$0.5183,"$559,721,132","$28,740,644,837",XRP
"May 31, 2024",$0.5189,$0.5241,$0.5127,$0.5178,"$1,220,311,836","$28,712,196,971",XRP
"May 30, 2024",$0.5232,$0.5273,$0.5136,$0.5189,"$1,329,469,469","$28,771,039,049",XRP
"May 29, 2024",$0.5282,$0.5321,$0.5201,$0.5232,"$1,184,420,624","$29,003,909,345",XRP
"May 28, 2024",$0.5338,$0.5346,$0.5216,$0.5282,"$1,141,481,357","$29,280,269,685",XRP
"May 27, 2024",$0.5282,$0.5399,$0.5238,$0.5338,"$1,013,292,526","$29,587,231,203",XRP
"May 26, 2024",$0.5418,$0.5418,$0.5266,$0.5282,"$579,619,779","$29,279,012,242",XRP
"May 25, 2024",$0.5357,$0.5423,$0.5335,$0.5418,"$652,679,509","$30,032,688,498",XRP
"May 24, 2024",$0.5283,$0.5367,$0.5179,$0.5358,"$1,232,280,845","$29,696,802,162",XRP
"May 23, 2024",$0.5265,$0.5392,$0.5094,$0.5283,"$2,188,558,788","$29,283,140,599",XRP
"May 22, 2024",$0.537,$0.5377,$0.5237,$0.5265,"$1,205,640,257","$29,110,207,194",XRP
"May 21, 2024",$0.5373,$0.5561,$0.5322,$0.537,"$1,977,024,521","$29,689,213,366",XRP
"May 20, 2024",$0.5097,$0.5373,$0.5075,$0.5373,"$1,401,702,874","$29,708,249,295",XRP
"May 19, 2024",$0.5214,$0.5235,$0.5075,$0.5097,"$562,911,149","$28,178,645,675",XRP
"May 18, 2024",$0.5238,$0.5256,$0.5195,$0.5214,"$496,850,725","$28,827,158,334",XRP
"May 17, 2024",$0.5157,$0.5289,$0.514,$0.5238,"$1,015,239,692","$28,960,582,435",XRP
"May 16, 2024",$0.519,$0.5213,$0.5131,$0.5157,"$1,152,212,983","$28,512,456,433",XRP
"May 15, 2024",$0.4999,$0.5196,$0.4974,$0.519,"$1,118,098,628","$28,732,049,377",XRP
"May 14, 2024",$0.5049,$0.5114,$0.4978,$0.4999,"$1,077,455,413","$27,673,422,669",XRP
"May 13, 2024",$0.4995,$0.5117,$0.4879,$0.5049,"$991,525,778","$27,950,944,187",XRP
"May 12, 2024",$0.506,$0.5086,$0.4974,$0.4995,"$397,026,846","$27,650,548,006",XRP
"May 11, 2024",$0.5023,$0.5073,$0.5011,$0.506,"$447,992,708","$28,010,408,188",XRP
"May 10, 2024",$0.521,$0.5211,$0.4988,$0.5023,"$1,100,350,623","$27,809,026,381",XRP
"May 09, 2024",$0.5172,$0.5233,$0.5099,$0.521,"$978,009,518","$28,843,852,660",XRP
"May 08, 2024",$0.5247,$0.5291,$0.5157,$0.5172,"$1,122,168,971","$28,633,084,637",XRP
"May 07, 2024",$0.5405,$0.5438,$0.523,$0.5247,"$1,132,990,207","$28,984,740,151",XRP
"May 06, 2024",$0.5298,$0.5689,$0.5266,$0.5405,"$1,774,389,100","$29,857,659,477",XRP
"May 05, 2024",$0.5304,$0.5332,$0.5248,$0.5298,"$535,784,827","$29,263,355,596",XRP
"May 04, 2024",$0.5319,$0.5401,$0.5281,$0.5304,"$686,389,982","$29,297,390,418",XRP
"May 03, 2024",$0.5183,$0.5365,$0.5152,$0.5319,"$1,138,445,190","$29,379,612,126",XRP
"May 02, 2024",$0.517,$0.5243,$0.5067,$0.5183,"$1,118,497,654","$28,630,396,467",XRP
"May 01, 2024",$0.5001,$0.5202,$0.4802,$0.517,"$1,720,060,134","$28,620,531,114",XRP
"Apr 30, 2024",$0.5154,$0.5192,$0.4905,$0.5001,"$1,347,490,379","$27,621,396,541",XRP
"Apr 29, 2024",$0.5104,$0.5171,$0.4996,$0.5154,"$1,143,210,748","$28,470,353,298",XRP
"Apr 28, 2024",$0.5178,$0.5246,$0.5095,$0.5104,"$580,872,466","$28,191,052,606",XRP
"Apr 27, 2024",$0.5261,$0.5262,$0.5104,$0.5178,"$753,955,067","$28,599,777,155",XRP
"Apr 26, 2024",$0.5255,$0.5355,$0.5162,$0.5261,"$1,158,982,887","$29,060,241,304",XRP
"Apr 25, 2024",$0.5274,$0.5323,$0.5142,$0.5255,"$1,286,617,507","$28,971,123,639",XRP
"Apr 24, 2024",$0.5452,$0.5516,$0.5221,$0.5274,"$1,534,036,870","$29,075,334,395",XRP
"Apr 23, 2024",$0.5568,$0.5572,$0.543,$0.5452,"$1,351,313,210","$30,053,908,921",XRP
"Apr 22, 2024",$0.5247,$0.5691,$0.5233,$0.5568,"$1,671,344,072","$30,697,511,364",XRP
"Apr 21, 2024",$0.5293,$0.5366,$0.5204,$0.5247,"$896,875,433","$28,924,955,276",XRP
"Apr 20, 2024",$0.5038,$0.5299,$0.4995,$0.5293,"$1,237,297,114","$29,179,394,497",XRP
"Apr 19, 2024",$0.503,$0.5107,$0.469,$0.5038,"$2,145,715,371","$27,773,312,845",XRP
"Apr 18, 2024",$0.4948,$0.5048,$0.487,$0.503,"$1,420,648,263","$27,729,001,886",XRP
"Apr 17, 2024",$0.4967,$0.5066,$0.4748,$0.4948,"$1,791,966,493","$27,275,540,175",XRP
"Apr 16, 2024",$0.4977,$0.501,$0.4793,$0.4967,"$1,913,160,798","$27,378,001,120",XRP
"Apr 15, 2024",$0.5043,$0.5191,$0.4835,$0.4977,"$2,356,318,423","$27,434,770,195",XRP
"Apr 14, 2024",$0.4808,$0.5075,$0.4668,$0.5043,"$2,824,792,033","$27,794,218,119",XRP
"Apr 13, 2024",$0.5484,$0.5488,$0.4336,$0.4808,"$3,957,442,555","$26,502,684,973",XRP
"Apr 12, 2024",$0.6089,$0.6153,$0.5183,$0.5484,"$2,872,824,835","$30,228,432,511",XRP
"Apr 11, 2024",$0.6176,$0.6209,$0.6037,$0.6089,"$1,218,887,360","$33,519,796,796",XRP
"Apr 10, 2024",$0.6138,$0.6197,$0.5987,$0.6176,"$2,345,474,173","$33,997,592,691",XRP
"Apr 09, 2024",$0.6155,$0.6413,$0.6025,$0.6138,"$2,423,935,496","$33,792,048,850",XRP
"Apr 08, 2024",$0.5948,$0.626,$0.5891,$0.6155,"$2,016,910,258","$33,883,696,855",XRP
"Apr 07, 2024",$0.5933,$0.6017,$0.5905,$0.5948,"$924,956,309","$32,746,598,127",XRP
"Apr 06, 2024",$0.5875,$0.5982,$0.5863,$0.5933,"$871,610,029","$32,664,351,210",XRP
"Apr 05, 2024",$0.5937,$0.5937,$0.5703,$0.5875,"$1,534,570,775","$32,344,047,477",XRP
"Apr 04, 2024",$0.5749,$0.6138,$0.5636,$0.5937,"$2,190,487,090","$32,681,688,462",XRP
"Apr 03, 2024",$0.5855,$0.5928,$0.5681,$0.5749,"$1,649,286,699","$31,585,963,980",XRP
"Apr 02, 2024",$0.6113,$0.6177,$0.5805,$0.5855,"$2,172,750,437","$32,166,626,109",XRP
"Apr 01, 2024",$0.6292,$0.632,$0.5973,$0.6113,"$1,772,433,656","$33,583,982,917",XRP
"Mar 31, 2024",$0.6218,$0.6298,$0.6212,$0.6292,"$756,039,151","$34,571,158,666",XRP
"Mar 30, 2024",$0.6308,$0.6365,$0.6189,$0.6218,"$1,042,947,263","$34,165,159,479",XRP
"Mar 29, 2024",$0.6246,$0.644,$0.6105,$0.6307,"$1,874,392,966","$34,655,083,858",XRP
"Mar 28, 2024",$0.6119,$0.6364,$0.6048,$0.6246,"$1,783,253,508","$34,279,071,179",XRP
"Mar 27, 2024",$0.6323,$0.6345,$0.6083,$0.612,"$1,989,187,555","$33,586,360,333",XRP
"Mar 26, 2024",$0.641,$0.6528,$0.627,$0.6323,"$1,799,059,517","$34,700,718,161",XRP
"Mar 25, 2024",$0.633,$0.6593,$0.6273,$0.641,"$2,044,948,880","$35,182,647,987",XRP
"Mar 24, 2024",$0.6176,$0.6356,$0.6149,$0.6329,"$1,230,486,578","$34,739,163,805",XRP
"Mar 23, 2024",$0.6109,$0.6324,$0.6058,$0.6176,"$1,160,450,696","$33,896,958,205",XRP
"Mar 22, 2024",$0.6407,$0.6443,$0.6004,$0.6109,"$2,053,036,282","$33,531,418,924",XRP
"Mar 21, 2024",$0.6122,$0.6535,$0.5994,$0.6407,"$2,809,003,717","$35,164,062,437",XRP
"Mar 20, 2024",$0.5844,$0.6186,$0.5709,$0.6122,"$2,741,181,693","$33,598,401,857",XRP
"Mar 19, 2024",$0.6476,$0.6476,$0.5729,$0.5844,"$3,571,952,543","$32,027,461,423",XRP
"Mar 18, 2024",$0.6192,$0.6642,$0.5958,$0.6476,"$2,767,146,303","$35,486,745,524",XRP
"Mar 17, 2024",$0.6031,$0.6244,$0.5896,$0.6192,"$1,826,991,062","$33,934,018,894",XRP
"Mar 16, 2024",$0.6337,$0.6431,$0.5947,$0.6031,"$2,237,388,470","$33,047,819,976",XRP
"Mar 15, 2024",$0.67,$0.6742,$0.6026,$0.6337,"$3,656,774,483","$34,728,625,301",XRP
"Mar 14, 2024",$0.691,$0.7048,$0.6438,$0.67,"$3,428,582,152","$36,713,997,873",XRP
"Mar 13, 2024",$0.6882,$0.7021,$0.6727,$0.691,"$2,398,788,495","$37,820,664,947",XRP
"Mar 12, 2024",$0.718,$0.7305,$0.6659,$0.6882,"$4,163,275,980","$37,670,513,816",XRP
"Mar 11, 2024",$0.6084,$0.7421,$0.5933,$0.718,"$6,790,039,283","$39,302,994,839",XRP
"Mar 10, 2024",$0.6218,$0.6283,$0.5985,$0.6084,"$1,510,773,123","$33,302,773,671",XRP
"Mar 09, 2024",$0.622,$0.6333,$0.6187,$0.6218,"$1,571,098,762","$34,035,656,353",XRP
"Mar 08, 2024",$0.6286,$0.6343,$0.6048,$0.622,"$2,164,877,115","$34,043,810,479",XRP
"Mar 07, 2024",$0.6123,$0.6397,$0.6084,$0.6286,"$2,529,220,366","$34,362,264,619",XRP
"Mar 06, 2024",$0.5929,$0.6229,$0.5764,$0.6123,"$2,755,184,860","$33,468,901,812",XRP
"Mar 05, 2024",$0.6498,$0.6685,$0.5502,$0.5929,"$5,014,326,043","$32,409,234,192",XRP
"Mar 04, 2024",$0.6272,$0.6642,$0.6216,$0.6501,"$3,629,204,334","$35,538,892,484",XRP
"Mar 03, 2024",$0.6448,$0.6448,$0.6025,$0.6271,"$2,060,336,711","$34,278,278,017",XRP
"Mar 02, 2024",$0.6019,$0.6495,$0.6008,$0.6449,"$2,956,033,334","$35,250,165,206",XRP
"Mar 01, 2024",$0.5862,$0.6032,$0.584,$0.6019,"$1,739,419,651","$32,901,725,094",XRP
"Feb 29, 2024",$0.5758,$0.6244,$0.5692,$0.5863,"$3,647,028,817","$32,009,956,698",XRP
"Feb 28, 2024",$0.5863,$0.6052,$0.5437,$0.5758,"$3,080,912,384","$31,435,953,068",XRP
"Feb 27, 2024",$0.5514,$0.5961,$0.5482,$0.5863,"$2,360,919,082","$32,006,322,374",XRP
"Feb 26, 2024",$0.5424,$0.5524,$0.5292,$0.5514,"$1,154,518,101","$30,103,524,035",XRP
"Feb 25, 2024",$0.5451,$0.5484,$0.5423,$0.5424,"$702,442,509","$29,613,270,171",XRP
"Feb 24, 2024",$0.5345,$0.5477,$0.5319,$0.5451,"$706,533,507","$29,760,314,824",XRP
"Feb 23, 2024",$0.5409,$0.5433,$0.5267,$0.5345,"$1,098,846,027","$29,182,486,551",XRP
"Feb 22, 2024",$0.549,$0.551,$0.5378,$0.5409,"$1,169,167,859","$29,511,530,687",XRP
"Feb 21, 2024",$0.5629,$0.5629,$0.5344,$0.549,"$1,336,498,049","$29,952,888,788",XRP
"Feb 20, 2024",$0.5626,$0.5745,$0.5466,$0.5629,"$1,777,533,547","$30,712,238,626",XRP
"Feb 19, 2024",$0.5569,$0.5673,$0.5551,$0.5626,"$1,108,245,167","$30,694,512,830",XRP
"Feb 18, 2024",$0.5499,$0.5622,$0.548,$0.5569,"$689,299,497","$30,383,851,331",XRP
"Feb 17, 2024",$0.565,$0.5656,$0.5411,$0.5499,"$911,234,746","$30,001,024,226",XRP
"Feb 16, 2024",$0.5628,$0.5785,$0.5552,$0.565,"$1,505,352,932","$30,823,413,931",XRP
"Feb 15, 2024",$0.5384,$0.5738,$0.5384,$0.5628,"$1,877,470,522","$30,703,126,152",XRP
"Feb 14, 2024",$0.5248,$0.5419,$0.521,$0.5384,"$1,156,449,389","$29,346,596,794",XRP
"Feb 13, 2024",$0.5319,$0.5335,$0.5163,$0.5248,"$1,023,754,839","$28,607,187,066",XRP
"Feb 12, 2024",$0.5261,$0.537,$0.5149,$0.5319,"$1,028,191,903","$28,992,092,732",XRP
"Feb 11, 2024",$0.5241,$0.5353,$0.5221,$0.5261,"$715,511,550","$28,675,260,873",XRP
"Feb 10, 2024",$0.526,$0.5282,$0.5194,$0.5241,"$578,419,105","$28,567,737,643",XRP
"Feb 09, 2024",$0.5145,$0.5281,$0.5142,$0.526,"$1,032,596,975","$28,672,367,762",XRP
"Feb 08, 2024",$0.5138,$0.5185,$0.5103,$0.5145,"$902,244,431","$28,009,011,693",XRP
"Feb 07, 2024",$0.5051,$0.5145,$0.4994,$0.5138,"$895,523,747","$27,968,728,225",XRP
"Feb 06, 2024",$0.5062,$0.5104,$0.4989,$0.5052,"$767,495,086","$27,498,622,162",XRP
"Feb 05, 2024",$0.5032,$0.5129,$0.4982,$0.5062,"$831,962,506","$27,558,010,858",XRP
"Feb 04, 2024",$0.5189,$0.519,$0.5021,$0.5033,"$538,479,551","$27,397,092,102",XRP
"Feb 03, 2024",$0.5104,$0.5257,$0.506,$0.5189,"$861,729,960","$28,249,064,026",XRP
"Feb 02, 2024",$0.5059,$0.5133,$0.4992,$0.5104,"$927,836,205","$27,784,909,546",XRP
"Feb 01, 2024",$0.5032,$0.5101,$0.4903,$0.5059,"$1,004,296,109","$27,537,063,982",XRP
"Jan 31, 2024",$0.5107,$0.5138,$0.4945,$0.5032,"$1,339,066,820","$27,360,857,440",XRP
"Jan 30, 2024",$0.5351,$0.5387,$0.5086,$0.5107,"$1,673,319,214","$27,768,959,278",XRP
"Jan 29, 2024",$0.5241,$0.5396,$0.5206,$0.5351,"$901,992,026","$29,095,282,547",XRP
"Jan 28, 2024",$0.5303,$0.5351,$0.5218,$0.5241,"$523,517,403","$28,497,334,190",XRP
"Jan 27, 2024",$0.5322,$0.5343,$0.5271,$0.5303,"$471,931,644","$28,832,614,071",XRP
"Jan 26, 2024",$0.5136,$0.5352,$0.509,$0.5322,"$1,021,918,092","$28,937,491,482",XRP
"Jan 25, 2024",$0.518,$0.518,$0.5044,$0.5136,"$825,132,968","$27,927,086,874",XRP
"Jan 24, 2024",$0.5178,$0.5189,$0.5112,$0.518,"$880,367,820","$28,147,391,586",XRP
"Jan 23, 2024",$0.5267,$0.531,$0.4975,$0.5177,"$1,414,753,278","$28,133,751,731",XRP
"Jan 22, 2024",$0.5462,$0.5486,$0.5219,$0.5267,"$1,151,736,625","$28,621,648,560",XRP
"Jan 21, 2024",$0.5531,$0.5548,$0.5461,$0.5461,"$494,271,879","$29,675,585,018",XRP
"Jan 20, 2024",$0.5442,$0.5544,$0.5393,$0.5531,"$725,888,847","$30,056,761,623",XRP
"Jan 19, 2024",$0.5519,$0.553,$0.5239,$0.5443,"$1,330,077,736","$29,574,767,781",XRP
"Jan 18, 2024",$0.568,$0.5684,$0.5461,$0.5519,"$1,057,710,374","$29,990,557,672",XRP
"Jan 17, 2024",$0.5759,$0.5761,$0.5633,$0.568,"$901,923,640","$30,863,554,024",XRP
"Jan 16, 2024",$0.5759,$0.5796,$0.5676,$0.5759,"$924,543,394","$31,254,813,318",XRP
"Jan 15, 2024",$0.5762,$0.5885,$0.5696,$0.5759,"$993,534,380","$31,253,363,303",XRP
"Jan 14, 2024",$0.5751,$0.5921,$0.5723,$0.5762,"$841,667,731","$31,270,312,553",XRP
"Jan 13, 2024",$0.5702,$0.5775,$0.5652,$0.5751,"$718,059,698","$31,207,656,875",XRP
"Jan 12, 2024",$0.6021,$0.6032,$0.5614,$0.5703,"$1,716,194,372","$30,948,299,306",XRP
"Jan 11, 2024",$0.6002,$0.6223,$0.5878,$0.6021,"$2,112,917,472","$32,673,767,000",XRP
"Jan 10, 2024",$0.5667,$0.6125,$0.5521,$0.6,"$2,223,452,643","$32,525,669,710",XRP
"Jan 09, 2024",$0.578,$0.5785,$0.5572,$0.5666,"$1,740,178,857","$30,717,428,430",XRP
"Jan 08, 2024",$0.5517,$0.5816,$0.5507,$0.5779,"$2,011,066,819","$31,329,451,311",XRP
"Jan 07, 2024",$0.5685,$0.5728,$0.5485,$0.5517,"$901,525,412","$29,910,096,169",XRP
"Jan 06, 2024",$0.5765,$0.5765,$0.5594,$0.5685,"$820,534,691","$30,819,279,074",XRP
"Jan 05, 2024",$0.5882,$0.5894,$0.5584,$0.5765,"$1,509,144,162","$31,251,562,528",XRP
"Jan 04, 2024",$0.5826,$0.5939,$0.573,$0.5882,"$1,452,005,657","$31,837,800,582",XRP
"Jan 03, 2024",$0.6254,$0.6378,$0.5388,$0.5826,"$3,406,740,412","$31,532,229,590",XRP
"Jan 02, 2024",$0.6301,$0.6386,$0.6232,$0.6254,"$1,326,197,378","$33,847,840,412",XRP
"Jan 01, 2024",$0.6157,$0.6313,$0.6096,$0.6301,"$729,315,153","$34,103,276,615",XRP
"Dec 31, 2023",$0.6218,$0.6276,$0.6112,$0.6149,"$710,033,547","$33,283,785,351",XRP
"Dec 30, 2023",$0.6234,$0.6295,$0.6172,$0.6218,"$718,565,033","$33,657,389,993",XRP
"Dec 29, 2023",$0.635,$0.6366,$0.6152,$0.6234,"$1,324,305,215","$33,741,742,043",XRP
"Dec 28, 2023",$0.6349,$0.6558,$0.6276,$0.635,"$1,864,381,371","$34,369,375,980",XRP
"Dec 27, 2023",$0.6224,$0.6415,$0.6142,$0.6349,"$1,432,931,897","$34,361,654,929",XRP
"Dec 26, 2023",$0.6463,$0.6465,$0.6084,$0.6224,"$1,622,454,757","$33,648,380,747",XRP
"Dec 25, 2023",$0.6135,$0.647,$0.6103,$0.6463,"$1,781,837,085","$34,944,225,692",XRP
"Dec 24, 2023",$0.6202,$0.6284,$0.6086,$0.6135,"$1,178,583,398","$33,169,837,561",XRP
"Dec 23, 2023",$0.6254,$0.6254,$0.613,$0.6202,"$774,484,009","$33,531,408,997",XRP
"Dec 22, 2023",$0.6239,$0.6277,$0.6168,$0.6254,"$1,374,123,624","$33,812,375,290",XRP
"Dec 21, 2023",$0.6173,$0.6245,$0.6116,$0.6239,"$1,149,787,445","$33,694,648,321",XRP
"Dec 20, 2023",$0.6054,$0.6254,$0.6024,$0.6173,"$1,344,408,213","$33,338,679,640",XRP
"Dec 19, 2023",$0.6125,$0.6158,$0.5982,$0.6055,"$1,137,147,807","$32,698,009,059",XRP
"Dec 18, 2023",$0.6104,$0.6137,$0.5834,$0.6125,"$1,674,969,771","$33,080,058,350",XRP
"Dec 17, 2023",$0.6198,$0.6219,$0.6096,$0.6104,"$832,504,145","$32,966,004,672",XRP
"Dec 16, 2023",$0.6155,$0.6252,$0.612,$0.6198,"$770,529,288","$33,474,560,472",XRP
"Dec 15, 2023",$0.6324,$0.6419,$0.6151,$0.6155,"$1,392,239,590","$33,240,038,978",XRP
"Dec 14, 2023",$0.6284,$0.6375,$0.6175,$0.6324,"$1,428,433,767","$34,154,893,743",XRP
"Dec 13, 2023",$0.6195,$0.6334,$0.5988,$0.6285,"$1,557,123,843","$33,911,498,908",XRP
"Dec 12, 2023",$0.62,$0.6257,$0.6083,$0.6195,"$1,458,882,180","$33,429,314,858",XRP
"Dec 11, 2023",$0.6616,$0.6628,$0.6051,$0.6202,"$2,252,797,875","$33,465,001,381",XRP
"Dec 10, 2023",$0.6589,$0.6703,$0.6498,$0.6616,"$1,170,952,363","$35,697,083,329",XRP
"Dec 09, 2023",$0.6731,$0.6988,$0.6578,$0.6588,"$2,229,504,514","$35,547,911,236",XRP
"Dec 08, 2023",$0.6437,$0.6742,$0.64,$0.6731,"$1,892,803,940","$36,320,834,554",XRP
"Dec 07, 2023",$0.6405,$0.6531,$0.6261,$0.6436,"$1,839,789,008","$34,600,042,848",XRP
"Dec 06, 2023",$0.622,$0.6422,$0.6157,$0.6403,"$2,038,373,923","$34,506,628,835",XRP
"Dec 05, 2023",$0.6244,$0.6284,$0.6094,$0.622,"$1,452,525,777","$33,518,530,340",XRP
"Dec 04, 2023",$0.6237,$0.6411,$0.608,$0.6244,"$1,947,607,222","$33,646,607,910",XRP
"Dec 03, 2023",$0.621,$0.6329,$0.6181,$0.6237,"$993,447,972","$33,611,532,482",XRP
"Dec 02, 2023",$0.6129,$0.6225,$0.6117,$0.621,"$667,809,511","$33,463,522,612",XRP
"Dec 01, 2023",$0.6064,$0.614,$0.6044,$0.6129,"$919,121,548","$33,029,097,728",XRP
"Nov 30, 2023",$0.6094,$0.6096,$0.5998,$0.6064,"$980,182,657","$32,675,761,410",XRP
"Nov 29, 2023",$0.6114,$0.6165,$0.6051,$0.6094,"$1,007,163,957","$32,837,485,435",XRP
"Nov 28, 2023",$0.6041,$0.614,$0.5975,$0.6114,"$1,079,777,511","$32,904,900,713",XRP
"Nov 27, 2023",$0.6167,$0.617,$0.5967,$0.6042,"$1,209,304,147","$32,513,705,255",XRP
"Nov 26, 2023",$0.6235,$0.6356,$0.6124,$0.6168,"$1,126,158,902","$33,195,346,628",XRP
"Nov 25, 2023",$0.6219,$0.6235,$0.6169,$0.6234,"$604,505,841","$33,551,855,758",XRP
"Nov 24, 2023",$0.6203,$0.6253,$0.6175,$0.6219,"$1,220,784,875","$33,467,760,170",XRP
"Nov 23, 2023",$0.6119,$0.6228,$0.6073,$0.6202,"$1,233,580,691","$33,318,350,245",XRP
"Nov 22, 2023",$0.5804,$0.6151,$0.5794,$0.6119,"$1,332,443,782","$32,870,190,566",XRP
"Nov 21, 2023",$0.6128,$0.6178,$0.5793,$0.5805,"$1,664,786,743","$31,181,429,316",XRP
"Nov 20, 2023",$0.6274,$0.6279,$0.6122,$0.6128,"$1,151,372,006","$32,920,808,417",XRP
"Nov 19, 2023",$0.6112,$0.6287,$0.603,$0.6275,"$960,738,459","$33,708,175,330",XRP
"Nov 18, 2023",$0.6137,$0.6145,$0.5933,$0.6112,"$836,754,904","$32,832,055,437",XRP
"Nov 17, 2023",$0.6122,$0.6238,$0.59,$0.6137,"$1,462,505,199","$32,967,858,088",XRP
"Nov 16, 2023",$0.6496,$0.6521,$0.6074,$0.6122,"$1,756,409,884","$32,884,608,031",XRP
"Nov 15, 2023",$0.6297,$0.6502,$0.6266,$0.6496,"$1,441,133,011","$34,897,976,038",XRP
"Nov 14, 2023",$0.6715,$0.6715,$0.6076,$0.6297,"$2,298,949,026","$33,783,701,034",XRP
"Nov 13, 2023",$0.6616,$0.7406,$0.6452,$0.6715,"$3,089,036,403","$36,029,114,142",XRP
"Nov 12, 2023",$0.6627,$0.6705,$0.6504,$0.6615,"$988,542,527","$35,493,236,527",XRP
"Nov 11, 2023",$0.6606,$0.6807,$0.6443,$0.6627,"$1,754,960,201","$35,557,546,204",XRP
"Nov 10, 2023",$0.6676,$0.6705,$0.6431,$0.6606,"$2,009,821,437","$35,441,665,700",XRP
"Nov 09, 2023",$0.688,$0.7043,$0.6463,$0.6675,"$3,292,007,279","$35,811,897,112",XRP
"Nov 08, 2023",$0.6863,$0.6969,$0.674,$0.6881,"$1,770,450,557","$36,891,775,657",XRP
"Nov 07, 2023",$0.7155,$0.7155,$0.6577,$0.6864,"$2,813,667,010","$36,802,002,434",XRP
"Nov 06, 2023",$0.6611,$0.7299,$0.6607,$0.7155,"$3,293,503,683","$38,363,058,963",XRP
"Nov 05, 2023",$0.6162,$0.6611,$0.6153,$0.6611,"$1,923,304,412","$35,447,962,462",XRP
"Nov 04, 2023",$0.613,$0.618,$0.6101,$0.6162,"$811,373,229","$33,037,214,350",XRP
"Nov 03, 2023",$0.6064,$0.6152,$0.5939,$0.613,"$1,403,532,406","$32,866,589,726",XRP
"Nov 02, 2023",$0.6095,$0.6241,$0.5932,$0.6064,"$1,826,715,430","$32,514,748,614",XRP
"Nov 01, 2023",$0.6003,$0.6159,$0.5823,$0.6095,"$1,779,920,317","$32,680,882,622",XRP
"Oct 31, 2023",$0.5789,$0.6127,$0.5665,$0.6003,"$2,218,043,567","$32,151,414,473",XRP
"Oct 30, 2023",$0.5564,$0.5832,$0.5506,$0.5789,"$1,527,609,944","$31,008,525,647",XRP
"Oct 29, 2023",$0.5454,$0.5609,$0.5422,$0.5564,"$655,356,620","$29,800,751,941",XRP
"Oct 28, 2023",$0.5457,$0.55,$0.5417,$0.5454,"$566,792,583","$29,211,428,526",XRP
"Oct 27, 2023",$0.5537,$0.5576,$0.5395,$0.5461,"$1,048,891,335","$29,249,745,337",XRP
"Oct 26, 2023",$0.5554,$0.5668,$0.5446,$0.5537,"$1,401,251,370","$29,655,522,559",XRP
"Oct 25, 2023",$0.5586,$0.5624,$0.5422,$0.5553,"$1,396,455,738","$29,676,124,590",XRP
"Oct 24, 2023",$0.5469,$0.583,$0.5375,$0.5585,"$2,705,905,445","$29,848,511,569",XRP
"Oct 23, 2023",$0.5236,$0.5505,$0.5218,$0.5469,"$1,699,115,599","$29,225,269,117",XRP
"Oct 22, 2023",$0.5212,$0.5238,$0.516,$0.5225,"$556,378,450","$27,922,258,557",XRP
"Oct 21, 2023",$0.516,$0.5295,$0.5123,$0.5212,"$656,496,071","$27,855,763,978",XRP
"Oct 20, 2023",$0.5201,$0.5291,$0.51,$0.516,"$1,369,774,008","$27,575,781,245",XRP
"Oct 19, 2023",$0.4883,$0.5225,$0.4787,$0.5201,"$1,385,006,018","$27,796,116,529",XRP
"Oct 18, 2023",$0.4917,$0.4922,$0.4874,$0.4883,"$734,621,817","$26,096,266,667",XRP
"Oct 17, 2023",$0.498,$0.4981,$0.4886,$0.4917,"$773,438,395","$26,276,609,190",XRP
"Oct 16, 2023",$0.4878,$0.5055,$0.4862,$0.498,"$1,082,594,336","$26,612,425,104",XRP
"Oct 15, 2023",$0.4868,$0.49,$0.4857,$0.4878,"$385,469,444","$26,071,011,943",XRP
"Oct 14, 2023",$0.4857,$0.488,$0.484,$0.4868,"$357,321,203","$26,013,743,141",XRP
"Oct 13, 2023",$0.483,$0.4898,$0.4793,$0.4857,"$696,915,013","$25,956,247,340",XRP
"Oct 12, 2023",$0.4888,$0.4889,$0.4756,$0.4831,"$812,745,907","$25,814,705,111",XRP
"Oct 11, 2023",$0.4974,$0.4978,$0.4809,$0.4888,"$794,253,917","$26,123,985,388",XRP
"Oct 10, 2023",$0.5033,$0.5033,$0.4933,$0.4974,"$670,612,869","$26,556,787,934",XRP
"Oct 09, 2023",$0.518,$0.5198,$0.4953,$0.5032,"$989,847,649","$26,865,914,336",XRP
"Oct 08, 2023",$0.5219,$0.5235,$0.5173,$0.518,"$356,449,311","$27,652,553,186",XRP
"Oct 07, 2023",$0.5262,$0.5262,$0.5208,$0.5219,"$321,512,118","$27,863,129,874",XRP
"Oct 06, 2023",$0.5234,$0.5291,$0.5185,$0.5262,"$684,500,790","$28,092,026,878",XRP
"Oct 05, 2023",$0.533,$0.533,$0.5188,$0.5234,"$823,945,282","$27,901,879,790",XRP
"Oct 04, 2023",$0.5384,$0.541,$0.5233,$0.5329,"$1,467,518,350","$28,411,791,676",XRP
"Oct 03, 2023",$0.5128,$0.5449,$0.5075,$0.5384,"$1,206,543,606","$28,702,680,933",XRP
"Oct 02, 2023",$0.5242,$0.5255,$0.511,$0.5128,"$946,645,872","$27,340,260,335",XRP
"Oct 01, 2023",$0.5154,$0.5252,$0.5149,$0.5242,"$549,430,554","$27,946,579,473",XRP
"Sep 30, 2023",$0.5217,$0.5217,$0.5152,$0.5154,"$544,604,664","$27,477,478,189",XRP
"Sep 29, 2023",$0.5095,$0.5455,$0.5068,$0.5217,"$1,721,538,761","$27,814,086,233",XRP
"Sep 28, 2023",$0.4996,$0.5095,$0.4956,$0.5095,"$786,510,398","$27,163,985,528",XRP
"Sep 27, 2023",$0.5017,$0.5065,$0.4974,$0.4996,"$748,882,159","$26,634,685,733",XRP
"Sep 26, 2023",$0.5055,$0.5067,$0.4988,$0.5017,"$782,380,755","$26,713,588,630",XRP
"Sep 25, 2023",$0.5024,$0.5065,$0.4926,$0.5055,"$852,958,013","$26,913,418,698",XRP
"Sep 24, 2023",$0.508,$0.5113,$0.5014,$0.5024,"$404,611,925","$26,749,770,927",XRP
"Sep 23, 2023",$0.5125,$0.5135,$0.5069,$0.508,"$382,427,235","$27,050,386,043",XRP
"Sep 22, 2023",$0.5072,$0.5162,$0.5056,$0.5125,"$712,954,688","$27,288,735,401",XRP
"Sep 21, 2023",$0.5214,$0.5214,$0.502,$0.5072,"$1,120,291,947","$27,004,875,073",XRP
"Sep 20, 2023",$0.5141,$0.5243,$0.5104,$0.5214,"$1,081,193,591","$27,723,278,523",XRP
"Sep 19, 2023",$0.5032,$0.516,$0.5018,$0.5142,"$981,191,150","$27,340,210,899",XRP
"Sep 18, 2023",$0.493,$0.5066,$0.4895,$0.5032,"$955,363,038","$26,758,030,823",XRP
"Sep 17, 2023",$0.4999,$0.5004,$0.492,$0.493,"$500,486,648","$26,217,650,533",XRP
"Sep 16, 2023",$0.5008,$0.5032,$0.4988,$0.4999,"$517,370,943","$26,581,338,884",XRP
"Sep 15, 2023",$0.4895,$0.5051,$0.489,$0.5009,"$951,792,585","$26,634,241,540",XRP
"Sep 14, 2023",$0.4838,$0.4931,$0.4807,$0.4895,"$783,751,989","$26,027,063,808",XRP
"Sep 13, 2023",$0.4808,$0.4868,$0.4749,$0.4838,"$899,389,429","$25,680,268,495",XRP
"Sep 12, 2023",$0.4744,$0.4848,$0.4708,$0.4807,"$1,026,076,357","$25,519,022,702",XRP
"Sep 11, 2023",$0.4978,$0.498,$0.4671,$0.4744,"$1,280,910,602","$25,181,196,379",XRP
"Sep 10, 2023",$0.5039,$0.5039,$0.4954,$0.4978,"$506,251,985","$26,425,477,982",XRP
"Sep 09, 2023",$0.5049,$0.5049,$0.502,$0.5039,"$359,744,792","$26,746,158,182",XRP
"Sep 08, 2023",$0.5049,$0.5067,$0.497,$0.5049,"$709,453,301","$26,798,991,810",XRP
"Sep 07, 2023",$0.5032,$0.5061,$0.4973,$0.5049,"$699,614,463","$26,746,177,186",XRP
"Sep 06, 2023",$0.5054,$0.5055,$0.4938,$0.5032,"$773,743,079","$26,660,630,765",XRP
"Sep 05, 2023",$0.5084,$0.5084,$0.5001,$0.5054,"$750,823,613","$26,775,501,493",XRP
"Sep 04, 2023",$0.505,$0.5121,$0.499,$0.5084,"$843,268,290","$26,932,548,975",XRP
"Sep 03, 2023",$0.4991,$0.5092,$0.4978,$0.505,"$622,598,422","$26,756,322,906",XRP
"Sep 02, 2023",$0.4981,$0.5021,$0.4954,$0.4991,"$661,651,382","$26,440,704,279",XRP
"Sep 01, 2023",$0.5108,$0.5116,$0.4886,$0.4981,"$1,097,204,087","$26,386,864,348",XRP
"Aug 31, 2023",$0.5282,$0.5285,$0.5051,$0.5108,"$1,074,749,312","$27,060,935,129",XRP
"Aug 30, 2023",$0.54,$0.5402,$0.5232,$0.5282,"$967,541,032","$27,982,517,233",XRP
"Aug 29, 2023",$0.5233,$0.5466,$0.5138,$0.5401,"$1,468,584,828","$28,611,349,731",XRP
"Aug 28, 2023",$0.5238,$0.5244,$0.5127,$0.5232,"$842,593,344","$27,687,243,602",XRP
"Aug 27, 2023",$0.5235,$0.5296,$0.5215,$0.5238,"$584,757,090","$27,718,801,745",XRP
"Aug 26, 2023",$0.5262,$0.5269,$0.5193,$0.5235,"$541,153,725","$27,698,998,899",XRP
"Aug 25, 2023",$0.5185,$0.5298,$0.5087,$0.5262,"$1,067,427,241","$27,845,876,512",XRP
"Aug 24, 2023",$0.5299,$0.5314,$0.5133,$0.5184,"$881,617,931","$27,431,380,938",XRP
"Aug 23, 2023",$0.5209,$0.5348,$0.5164,$0.5299,"$1,007,927,236","$28,039,311,574",XRP
"Aug 22, 2023",$0.5245,$0.5248,$0.5063,$0.5209,"$1,227,160,129","$27,526,890,713",XRP
"Aug 21, 2023",$0.5395,$0.5398,$0.51,$0.5245,"$1,445,315,789","$27,717,568,717",XRP
"Aug 20, 2023",$0.5196,$0.553,$0.5173,$0.5395,"$1,471,670,949","$28,510,647,907",XRP
"Aug 19, 2023",$0.5061,$0.5232,$0.502,$0.5196,"$1,038,954,380","$27,458,178,052",XRP
"Aug 18, 2023",$0.5072,$0.5171,$0.4876,$0.5061,"$2,169,285,316","$26,743,279,846",XRP
"Aug 17, 2023",$0.5883,$0.5935,$0.4681,$0.5071,"$2,425,926,882","$26,798,331,278",XRP
"Aug 16, 2023",$0.6096,$0.6143,$0.5791,$0.5883,"$1,688,583,741","$31,088,361,407",XRP
"Aug 15, 2023",$0.6342,$0.6342,$0.5935,$0.6096,"$1,230,727,429","$32,179,058,867",XRP
"Aug 14, 2023",$0.6261,$0.6355,$0.6247,$0.6343,"$939,329,129","$33,482,036,939",XRP
"Aug 13, 2023",$0.6272,$0.637,$0.6249,$0.6261,"$635,297,148","$33,050,204,997",XRP
"Aug 12, 2023",$0.6317,$0.6322,$0.6255,$0.6272,"$519,563,800","$33,108,466,327",XRP
"Aug 11, 2023",$0.633,$0.6391,$0.6273,$0.6317,"$885,715,586","$33,344,405,641",XRP
"Aug 10, 2023",$0.6433,$0.6434,$0.6253,$0.633,"$1,159,039,975","$33,413,597,919",XRP
"Aug 09, 2023",$0.6424,$0.6623,$0.6347,$0.6434,"$1,659,437,400","$33,931,898,919",XRP
"Aug 08, 2023",$0.6219,$0.6449,$0.6153,$0.6424,"$1,296,031,585","$33,881,337,455",XRP
"Aug 07, 2023",$0.6231,$0.6278,$0.605,$0.6219,"$1,417,493,753","$32,801,441,322",XRP
"Aug 06, 2023",$0.6284,$0.6364,$0.6216,$0.6231,"$849,060,664","$32,862,411,390",XRP
"Aug 05, 2023",$0.6355,$0.6355,$0.6126,$0.6284,"$1,142,144,189","$33,143,859,767",XRP
"Aug 04, 2023",$0.6641,$0.6664,$0.6303,$0.6355,"$1,342,066,974","$33,519,139,692",XRP
"Aug 03, 2023",$0.6852,$0.6868,$0.6589,$0.6641,"$1,414,576,525","$35,027,336,157",XRP
"Aug 02, 2023",$0.7071,$0.7071,$0.6802,$0.6852,"$1,132,335,650","$36,105,538,864",XRP
"Aug 01, 2023",$0.6985,$0.7072,$0.6835,$0.7072,"$1,438,067,858","$37,265,657,851",XRP
"Jul 31, 2023",$0.7051,$0.7174,$0.6922,$0.6985,"$1,488,758,727","$36,807,748,713",XRP
"Jul 30, 2023",$0.7127,$0.7298,$0.6935,$0.7051,"$1,323,282,055","$37,156,333,803",XRP
"Jul 29, 2023",$0.7125,$0.7146,$0.7069,$0.7127,"$725,769,153","$37,556,972,708",XRP
"Jul 28, 2023",$0.7136,$0.7175,$0.7045,$0.7126,"$1,055,913,805","$37,547,929,716",XRP
"Jul 27, 2023",$0.7158,$0.7271,$0.7091,$0.7136,"$1,480,051,564","$37,604,745,960",XRP
"Jul 26, 2023",$0.7096,$0.7295,$0.6961,$0.7158,"$1,676,809,706","$37,697,512,542",XRP
"Jul 25, 2023",$0.7028,$0.7141,$0.6791,$0.7096,"$1,813,094,168","$37,371,036,626",XRP
"Jul 24, 2023",$0.7386,$0.7415,$0.6876,$0.7028,"$2,266,820,366","$37,011,092,556",XRP
"Jul 23, 2023",$0.7333,$0.7506,$0.7193,$0.7387,"$1,541,388,766","$38,813,403,048",XRP
"Jul 22, 2023",$0.7724,$0.7789,$0.7307,$0.7333,"$1,637,792,182","$38,529,919,591",XRP
"Jul 21, 2023",$0.794,$0.798,$0.7641,$0.7725,"$1,860,721,533","$40,590,437,585",XRP
"Jul 20, 2023",$0.8206,$0.8468,$0.7739,$0.7941,"$2,843,382,854","$41,723,050,383",XRP
"Jul 19, 2023",$0.7796,$0.8418,$0.7743,$0.8207,"$3,954,595,150","$43,122,602,931",XRP
"Jul 18, 2023",$0.7391,$0.781,$0.7361,$0.7795,"$2,626,009,775","$40,960,204,447",XRP
"Jul 17, 2023",$0.747,$0.7603,$0.7184,$0.7392,"$2,506,419,441","$38,840,879,746",XRP
"Jul 16, 2023",$0.7134,$0.7873,$0.7097,$0.7469,"$3,937,651,423","$39,243,100,874",XRP
"Jul 15, 2023",$0.7192,$0.731,$0.6969,$0.7133,"$3,369,947,488","$37,478,573,010",XRP
"Jul 14, 2023",$0.8162,$0.8214,$0.6808,$0.7192,"$7,060,210,982","$37,787,427,834",XRP
"Jul 13, 2023",$0.4711,$0.8875,$0.4701,$0.8154,"$10,397,344,596","$42,842,606,761",XRP
"Jul 12, 2023",$0.4757,$0.477,$0.4679,$0.4711,"$715,809,444","$24,753,774,551",XRP
"Jul 11, 2023",$0.4777,$0.4783,$0.4718,$0.4757,"$645,625,637","$24,996,234,074",XRP
"Jul 10, 2023",$0.4686,$0.48,$0.4646,$0.4777,"$885,726,455","$24,960,002,266",XRP
"Jul 09, 2023",$0.4706,$0.4718,$0.4681,$0.4686,"$324,938,269","$24,483,751,871",XRP
"Jul 08, 2023",$0.4688,$0.474,$0.466,$0.4706,"$409,435,365","$24,593,166,379",XRP
"Jul 07, 2023",$0.4637,$0.4705,$0.4606,$0.4688,"$682,747,263","$24,495,002,784",XRP
"Jul 06, 2023",$0.4782,$0.4838,$0.4633,$0.4637,"$950,187,883","$24,232,337,305",XRP
"Jul 05, 2023",$0.4878,$0.4916,$0.4712,$0.4783,"$950,150,566","$24,991,780,176",XRP
"Jul 04, 2023",$0.4895,$0.4926,$0.4833,$0.4878,"$841,667,226","$25,491,811,754",XRP
"Jul 03, 2023",$0.4845,$0.4909,$0.4797,$0.4895,"$1,059,955,641","$25,580,925,463",XRP
"Jul 02, 2023",$0.4735,$0.4945,$0.4713,$0.4845,"$1,154,671,474","$25,316,849,467",XRP
"Jul 01, 2023",$0.474,$0.4755,$0.4656,$0.4735,"$737,421,634","$24,743,578,324",XRP
"Jun 30, 2023",$0.4747,$0.4823,$0.4565,$0.474,"$1,261,905,827","$24,770,487,291",XRP
"Jun 29, 2023",$0.4652,$0.4767,$0.4624,$0.4747,"$718,808,031","$24,806,241,135",XRP
"Jun 28, 2023",$0.4838,$0.4839,$0.4565,$0.4652,"$989,599,376","$24,309,836,285",XRP
"Jun 27, 2023",$0.4794,$0.485,$0.4772,$0.4838,"$847,044,879","$25,282,732,967",XRP
"Jun 26, 2023",$0.4903,$0.4913,$0.4746,$0.4793,"$953,227,780","$25,047,170,132",XRP
"Jun 25, 2023",$0.4873,$0.4956,$0.4842,$0.4903,"$681,228,509","$25,619,098,546",XRP
"Jun 24, 2023",$0.4966,$0.4966,$0.4828,$0.4873,"$693,890,997","$25,464,187,211",XRP
"Jun 23, 2023",$0.495,$0.5019,$0.4861,$0.4966,"$1,108,503,309","$25,870,409,852",XRP
"Jun 22, 2023",$0.5006,$0.5232,$0.4913,$0.495,"$1,518,125,316","$25,787,538,235",XRP
"Jun 21, 2023",$0.4929,$0.5025,$0.4903,$0.5007,"$1,305,891,782","$26,085,511,673",XRP
"Jun 20, 2023",$0.4934,$0.4956,$0.4738,$0.4929,"$1,073,485,912","$25,632,026,206",XRP
"Jun 19, 2023",$0.4876,$0.4973,$0.4837,$0.4934,"$870,856,054","$25,650,119,185",XRP
"Jun 18, 2023",$0.4798,$0.4967,$0.4766,$0.4876,"$743,984,056","$25,347,462,928",XRP
"Jun 17, 2023",$0.4758,$0.4852,$0.4706,$0.4798,"$635,717,535","$24,942,869,531",XRP
"Jun 16, 2023",$0.4801,$0.4823,$0.4593,$0.4757,"$1,166,129,294","$24,732,446,366",XRP
"Jun 15, 2023",$0.4802,$0.4845,$0.4696,$0.4801,"$1,180,880,587","$24,959,878,737",XRP
"Jun 14, 2023",$0.5201,$0.5202,$0.4675,$0.4802,"$1,757,437,649","$24,965,212,197",XRP
"Jun 13, 2023",$0.5257,$0.5614,$0.5088,$0.5201,"$2,617,707,336","$27,037,736,451",XRP
"Jun 12, 2023",$0.5212,$0.5275,$0.5111,$0.5257,"$1,199,140,307","$27,330,675,869",XRP
"Jun 11, 2023",$0.5082,$0.5284,$0.5043,$0.5212,"$828,115,958","$27,096,702,675",XRP
"Jun 10, 2023",$0.538,$0.538,$0.4824,$0.5082,"$2,110,109,968","$26,419,755,525",XRP
"Jun 09, 2023",$0.5245,$0.5399,$0.5217,$0.5379,"$1,233,816,475","$27,964,719,426",XRP
"Jun 08, 2023",$0.5196,$0.5273,$0.517,$0.5245,"$954,016,646","$27,269,590,015",XRP
"Jun 07, 2023",$0.5304,$0.5371,$0.5089,$0.5196,"$1,649,651,366","$27,013,904,808",XRP
"Jun 06, 2023",$0.5104,$0.5318,$0.4982,$0.5305,"$1,595,950,808","$27,577,226,652",XRP
"Jun 05, 2023",$0.536,$0.5414,$0.4935,$0.5104,"$2,077,075,618","$26,533,840,028",XRP
"Jun 04, 2023",$0.5194,$0.5447,$0.5166,$0.5359,"$943,439,712","$27,860,418,486",XRP
"Jun 03, 2023",$0.5254,$0.5299,$0.517,$0.5194,"$684,948,363","$26,999,494,034",XRP
"Jun 02, 2023",$0.5073,$0.5263,$0.505,$0.5254,"$1,070,731,055","$27,311,401,350",XRP
"Jun 01, 2023",$0.5174,$0.5174,$0.5032,$0.5073,"$1,095,700,204","$26,372,062,614",XRP
"May 31, 2023",$0.5219,$0.5272,$0.5025,$0.5174,"$1,585,723,566","$26,895,488,013",XRP
"May 30, 2023",$0.4942,$0.5254,$0.4905,$0.5219,"$2,119,990,185","$27,132,112,414",XRP
"May 29, 2023",$0.4829,$0.4944,$0.4779,$0.4942,"$1,039,953,786","$25,687,665,113",XRP
"May 28, 2023",$0.4722,$0.4858,$0.4708,$0.4829,"$570,647,795","$25,102,181,891",XRP
"May 27, 2023",$0.4691,$0.4777,$0.4667,$0.4722,"$634,937,525","$24,548,875,919",XRP
"May 26, 2023",$0.4537,$0.4696,$0.453,$0.4691,"$947,890,355","$24,387,491,299",XRP
"May 25, 2023",$0.4536,$0.4546,$0.4456,$0.4537,"$697,466,810","$23,536,605,398",XRP
"May 24, 2023",$0.4654,$0.4654,$0.4475,$0.4536,"$1,029,450,864","$23,530,151,449",XRP
"May 23, 2023",$0.4616,$0.4668,$0.4594,$0.4654,"$829,964,870","$24,143,344,224",XRP
"May 22, 2023",$0.4576,$0.4663,$0.4522,$0.4616,"$904,918,280","$23,944,694,326",XRP
"May 21, 2023",$0.4691,$0.4706,$0.4566,$0.4575,"$537,234,089","$23,734,559,209",XRP
"May 20, 2023",$0.468,$0.4708,$0.4635,$0.4691,"$479,336,096","$24,332,727,397",XRP
"May 19, 2023",$0.4603,$0.4738,$0.4585,$0.468,"$1,083,307,614","$24,275,682,787",XRP
"May 18, 2023",$0.4486,$0.4713,$0.4438,$0.4603,"$1,356,400,752","$23,860,882,333",XRP
"May 17, 2023",$0.4414,$0.4596,$0.4389,$0.4486,"$1,518,727,788","$23,253,852,494",XRP
"May 16, 2023",$0.4276,$0.4414,$0.4202,$0.4414,"$963,282,009","$22,882,373,725",XRP
"May 15, 2023",$0.4259,$0.4303,$0.4228,$0.4276,"$749,923,785","$22,163,904,275",XRP
"May 14, 2023",$0.4249,$0.4313,$0.4232,$0.4259,"$369,801,280","$22,075,646,338",XRP
"May 13, 2023",$0.4307,$0.4309,$0.4247,$0.4249,"$389,293,055","$22,026,044,797",XRP
"May 12, 2023",$0.4218,$0.44,$0.4177,$0.4307,"$1,174,284,548","$22,327,467,995",XRP
"May 11, 2023",$0.4309,$0.4309,$0.413,$0.4219,"$906,511,894","$21,869,283,783",XRP
"May 10, 2023",$0.4298,$0.4337,$0.4178,$0.4309,"$1,068,763,583","$22,335,512,674",XRP
"May 09, 2023",$0.4289,$0.4302,$0.4219,$0.4299,"$911,350,658","$22,284,433,211",XRP
"May 08, 2023",$0.4503,$0.4517,$0.4186,$0.4289,"$1,307,982,057","$22,233,996,404",XRP
"May 07, 2023",$0.4595,$0.461,$0.4502,$0.4504,"$440,082,859","$23,345,911,525",XRP
"May 06, 2023",$0.4678,$0.4691,$0.4548,$0.4595,"$592,275,764","$23,822,036,891",XRP
"May 05, 2023",$0.4616,$0.4698,$0.4583,$0.4678,"$857,113,580","$24,249,736,808",XRP
"May 04, 2023",$0.4635,$0.465,$0.456,$0.4616,"$752,455,291","$23,894,825,543",XRP
"May 03, 2023",$0.465,$0.4653,$0.4514,$0.4635,"$1,049,175,706","$23,994,314,430",XRP
"May 02, 2023",$0.465,$0.4658,$0.4594,$0.465,"$903,846,077","$24,069,690,926",XRP
"May 01, 2023",$0.4722,$0.4726,$0.4572,$0.465,"$941,003,865","$24,062,362,196",XRP
"Apr 30, 2023",$0.4784,$0.4818,$0.471,$0.4723,"$556,459,700","$24,443,538,174",XRP
"Apr 29, 2023",$0.4802,$0.4851,$0.4757,$0.4784,"$611,537,970","$24,758,076,467",XRP
"Apr 28, 2023",$0.4669,$0.4811,$0.4646,$0.4803,"$1,145,414,603","$24,854,392,601",XRP
"Apr 27, 2023",$0.4621,$0.4693,$0.4574,$0.4669,"$1,631,460,643","$24,160,789,362",XRP
"Apr 26, 2023",$0.47,$0.4825,$0.4413,$0.462,"$1,585,410,692","$23,910,811,594",XRP
"Apr 25, 2023",$0.4613,$0.4715,$0.452,$0.47,"$1,120,038,773","$24,322,621,362",XRP
"Apr 24, 2023",$0.465,$0.4825,$0.451,$0.4613,"$1,287,683,583","$23,871,250,036",XRP
"Apr 23, 2023",$0.4727,$0.4727,$0.4559,$0.465,"$745,785,219","$24,064,973,701",XRP
"Apr 22, 2023",$0.4494,$0.4745,$0.4468,$0.4727,"$948,350,839","$24,460,574,338",XRP
"Apr 21, 2023",$0.4749,$0.4788,$0.4427,$0.4494,"$1,412,575,276","$23,256,583,202",XRP
"Apr 20, 2023",$0.4915,$0.4988,$0.4687,$0.4749,"$1,484,251,970","$24,574,282,983",XRP
"Apr 19, 2023",$0.5322,$0.5344,$0.4893,$0.4916,"$2,047,949,057","$25,440,636,298",XRP
"Apr 18, 2023",$0.5111,$0.536,$0.5106,$0.5323,"$1,169,237,634","$27,545,102,529",XRP
"Apr 17, 2023",$0.5214,$0.5214,$0.5083,$0.5111,"$1,021,376,248","$26,451,231,195",XRP
"Apr 16, 2023",$0.5204,$0.5243,$0.5172,$0.5214,"$631,212,313","$26,982,441,054",XRP
"Apr 15, 2023",$0.524,$0.5258,$0.5183,$0.5204,"$670,556,486","$26,933,378,690",XRP
"Apr 14, 2023",$0.5133,$0.5438,$0.5125,$0.524,"$1,597,156,518","$27,117,062,181",XRP
"Apr 13, 2023",$0.5052,$0.5148,$0.5026,$0.5133,"$963,105,081","$26,563,293,568",XRP
"Apr 12, 2023",$0.5176,$0.518,$0.5014,$0.5061,"$1,063,340,695","$26,191,853,778",XRP
"Apr 11, 2023",$0.5183,$0.5263,$0.5133,$0.5175,"$1,206,362,804","$26,749,708,886",XRP
"Apr 10, 2023",$0.5058,$0.5197,$0.5013,$0.5183,"$914,389,505","$26,791,069,408",XRP
"Apr 09, 2023",$0.5057,$0.5091,$0.5009,$0.5058,"$550,582,813","$26,145,783,969",XRP
"Apr 08, 2023",$0.5137,$0.5137,$0.5044,$0.5057,"$587,641,054","$26,139,670,730",XRP
"Apr 07, 2023",$0.5033,$0.5142,$0.4991,$0.5137,"$1,060,408,546","$26,554,250,786",XRP
"Apr 06, 2023",$0.5063,$0.509,$0.4945,$0.5033,"$1,077,113,140","$26,014,728,556",XRP
"Apr 05, 2023",$0.5035,$0.5256,$0.5001,$0.5062,"$1,402,532,299","$26,146,735,514",XRP
"Apr 04, 2023",$0.4969,$0.5076,$0.489,$0.5035,"$1,230,443,035","$26,004,383,762",XRP
"Apr 03, 2023",$0.5189,$0.5232,$0.4869,$0.497,"$1,655,872,706","$25,667,659,150",XRP
"Apr 02, 2023",$0.51,$0.5285,$0.5035,$0.519,"$1,488,648,839","$26,803,620,003",XRP
"Apr 01, 2023",$0.5385,$0.5385,$0.5015,$0.5147,"$1,829,835,076","$26,600,884,290",XRP
"Mar 31, 2023",$0.5343,$0.5469,$0.5286,$0.5385,"$1,934,253,477","$27,828,271,565",XRP
"Mar 30, 2023",$0.5437,$0.5542,$0.5272,$0.5342,"$2,694,676,898","$27,609,013,087",XRP
"Mar 29, 2023",$0.515,$0.5804,$0.515,$0.5436,"$4,092,945,977","$28,091,096,061",XRP
"Mar 28, 2023",$0.4801,$0.5298,$0.4702,$0.5151,"$3,163,217,119","$26,617,281,708",XRP
"Mar 27, 2023",$0.4488,$0.4876,$0.4439,$0.48,"$2,730,255,979","$24,805,077,972",XRP
"Mar 26, 2023",$0.4447,$0.463,$0.4428,$0.4488,"$1,090,501,588","$22,867,642,501",XRP
"Mar 25, 2023",$0.4259,$0.4636,$0.4242,$0.4447,"$1,832,767,576","$22,658,711,029",XRP
"Mar 24, 2023",$0.4449,$0.4449,$0.418,$0.4259,"$1,314,887,049","$21,700,105,315",XRP
"Mar 23, 2023",$0.4225,$0.4541,$0.4155,$0.4449,"$2,161,421,825","$22,665,534,571",XRP
"Mar 22, 2023",$0.4697,$0.4745,$0.4129,$0.4225,"$3,312,385,991","$21,525,747,665",XRP
"Mar 21, 2023",$0.3746,$0.4914,$0.3745,$0.4697,"$4,178,958,939","$23,932,164,232",XRP
"Mar 20, 2023",$0.3884,$0.3921,$0.374,$0.3746,"$1,074,222,480","$19,087,613,742",XRP
"Mar 19, 2023",$0.3744,$0.4,$0.3744,$0.3885,"$1,189,636,323","$19,792,636,070",XRP
"Mar 18, 2023",$0.3804,$0.3879,$0.3734,$0.3744,"$867,351,027","$19,077,717,828",XRP
"Mar 17, 2023",$0.366,$0.3813,$0.3636,$0.3804,"$1,046,497,903","$19,380,800,908",XRP
"Mar 16, 2023",$0.3606,$0.3673,$0.3585,$0.366,"$692,737,535","$18,649,316,295",XRP
"Mar 15, 2023",$0.3743,$0.3772,$0.3588,$0.3606,"$1,062,482,118","$18,370,734,851",XRP
"Mar 14, 2023",$0.3738,$0.3875,$0.3673,$0.3743,"$1,527,899,940","$19,069,843,645",XRP
"Mar 13, 2023",$0.3734,$0.381,$0.3581,$0.3738,"$1,694,593,960","$19,044,718,113",XRP
"Mar 12, 2023",$0.3668,$0.3733,$0.3525,$0.3733,"$1,102,164,948","$19,020,903,152",XRP
"Mar 11, 2023",$0.3706,$0.3747,$0.3621,$0.3668,"$1,051,093,584","$18,690,407,768",XRP
"Mar 10, 2023",$0.3721,$0.3747,$0.3599,$0.3706,"$1,450,894,929","$18,883,549,994",XRP
"Mar 09, 2023",$0.3892,$0.3964,$0.3667,$0.3721,"$1,727,254,553","$18,960,379,511",XRP
"Mar 08, 2023",$0.3806,$0.3991,$0.3738,$0.3892,"$1,881,889,627","$19,829,460,172",XRP
"Mar 07, 2023",$0.3704,$0.384,$0.3681,$0.3805,"$1,479,466,647","$19,389,246,274",XRP
"Mar 06, 2023",$0.3672,$0.3732,$0.361,$0.3705,"$1,161,608,429","$18,875,845,025",XRP
"Mar 05, 2023",$0.3738,$0.3771,$0.3668,$0.3672,"$505,577,640","$18,708,866,161",XRP
"Mar 04, 2023",$0.3777,$0.3795,$0.3703,$0.3738,"$556,621,575","$19,046,115,908",XRP
"Mar 03, 2023",$0.3776,$0.3792,$0.3599,$0.3777,"$1,204,150,691","$19,242,687,647",XRP
"Mar 02, 2023",$0.3839,$0.3842,$0.3745,$0.3776,"$812,536,878","$19,238,025,098",XRP
"Mar 01, 2023",$0.3771,$0.3842,$0.3737,$0.3839,"$912,485,438","$19,558,985,493",XRP
"Feb 28, 2023",$0.3791,$0.3824,$0.373,$0.3771,"$1,000,693,267","$19,216,118,796",XRP
"Feb 27, 2023",$0.378,$0.38,$0.3722,$0.3791,"$1,049,508,853","$19,316,258,144",XRP
"Feb 26, 2023",$0.3781,$0.3806,$0.3754,$0.378,"$441,815,645","$19,261,559,274",XRP
"Feb 25, 2023",$0.3785,$0.3794,$0.3723,$0.3781,"$552,223,148","$19,263,772,901",XRP
"Feb 24, 2023",$0.3891,$0.3905,$0.3741,$0.3785,"$953,355,531","$19,283,730,483",XRP
"Feb 23, 2023",$0.3956,$0.3975,$0.3867,$0.3891,"$917,426,306","$19,826,512,169",XRP
"Feb 22, 2023",$0.3919,$0.3964,$0.3839,$0.3956,"$1,114,714,971","$20,155,453,553",XRP
"Feb 21, 2023",$0.3985,$0.4014,$0.3881,$0.3919,"$1,103,766,687","$19,908,418,400",XRP
"Feb 20, 2023",$0.3864,$0.4073,$0.3817,$0.3985,"$1,354,318,620","$20,244,683,947",XRP
"Feb 19, 2023",$0.3946,$0.3976,$0.3862,$0.3863,"$727,659,069","$19,624,545,306",XRP
"Feb 18, 2023",$0.3953,$0.3968,$0.3919,$0.3946,"$499,633,442","$20,046,859,910",XRP
"Feb 17, 2023",$0.3851,$0.3996,$0.3829,$0.3953,"$969,213,569","$20,080,955,306",XRP
"Feb 16, 2023",$0.4013,$0.4036,$0.3851,$0.3852,"$1,194,494,182","$19,565,603,697",XRP
"Feb 15, 2023",$0.3824,$0.4019,$0.3772,$0.4014,"$1,072,284,900","$20,388,301,260",XRP
"Feb 14, 2023",$0.3716,$0.3832,$0.3656,$0.3824,"$1,022,310,518","$19,425,948,221",XRP
"Feb 13, 2023",$0.3752,$0.3782,$0.3641,$0.3717,"$1,129,015,396","$18,880,739,386",XRP
"Feb 12, 2023",$0.384,$0.3849,$0.3745,$0.3753,"$492,457,255","$19,064,006,848",XRP
"Feb 11, 2023",$0.3826,$0.3841,$0.3809,$0.384,"$436,697,705","$19,507,269,578",XRP
"Feb 10, 2023",$0.3824,$0.3876,$0.3786,$0.3826,"$877,457,864","$19,438,033,625",XRP
"Feb 09, 2023",$0.3981,$0.4071,$0.3772,$0.3825,"$1,488,178,634","$19,428,934,744",XRP
"Feb 08, 2023",$0.4039,$0.4053,$0.3953,$0.3981,"$853,007,396","$20,220,699,735",XRP
"Feb 07, 2023",$0.3928,$0.4046,$0.3909,$0.4039,"$1,015,414,418","$20,517,939,407",XRP
"Feb 06, 2023",$0.399,$0.4034,$0.3922,$0.3928,"$950,972,502","$19,955,080,919",XRP
"Feb 05, 2023",$0.4113,$0.4119,$0.3963,$0.3989,"$758,068,911","$20,265,653,497",XRP
"Feb 04, 2023",$0.4121,$0.4193,$0.4083,$0.4113,"$583,121,354","$20,893,933,584",XRP
"Feb 03, 2023",$0.4097,$0.4135,$0.4074,$0.4122,"$848,078,651","$20,939,632,902",XRP
"Feb 02, 2023",$0.4138,$0.4185,$0.4095,$0.4097,"$996,287,377","$20,816,618,785",XRP
"Feb 01, 2023",$0.4064,$0.4154,$0.398,$0.4139,"$1,066,789,793","$21,027,200,595",XRP
"Jan 31, 2023",$0.3946,$0.4109,$0.3897,$0.4064,"$1,026,848,071","$20,646,015,949",XRP
"Jan 30, 2023",$0.4138,$0.4204,$0.3912,$0.3946,"$1,240,049,824","$20,046,644,678",XRP
"Jan 29, 2023",$0.4081,$0.4171,$0.4073,$0.4138,"$566,580,331","$21,020,729,836",XRP
"Jan 28, 2023",$0.4128,$0.4155,$0.407,$0.4081,"$508,978,347","$20,734,689,639",XRP
"Jan 27, 2023",$0.4101,$0.4132,$0.4009,$0.4128,"$813,986,938","$20,971,290,063",XRP
"Jan 26, 2023",$0.4176,$0.4178,$0.4077,$0.4101,"$892,174,687","$20,831,970,200",XRP
"Jan 25, 2023",$0.4077,$0.4235,$0.3995,$0.4177,"$1,104,907,019","$21,217,485,483",XRP
"Jan 24, 2023",$0.4248,$0.4295,$0.4057,$0.4077,"$1,265,360,172","$20,710,242,909",XRP
"Jan 23, 2023",$0.401,$0.4311,$0.4004,$0.4249,"$1,980,513,812","$21,585,790,614",XRP
"Jan 22, 2023",$0.4036,$0.4111,$0.3979,$0.401,"$780,764,704","$20,367,877,364",XRP
"Jan 21, 2023",$0.4134,$0.4159,$0.4033,$0.4035,"$1,037,235,129","$20,498,230,600",XRP
"Jan 20, 2023",$0.3938,$0.4134,$0.387,$0.4133,"$1,053,958,522","$20,996,583,989",XRP
"Jan 19, 2023",$0.3794,$0.3952,$0.3776,$0.3938,"$1,108,881,766","$19,970,150,795",XRP
"Jan 18, 2023",$0.3877,$0.3952,$0.3713,$0.3795,"$1,484,076,132","$19,243,271,452",XRP
"Jan 17, 2023",$0.3866,$0.3975,$0.3802,$0.3877,"$1,025,137,174","$19,662,095,659",XRP
"Jan 16, 2023",$0.3849,$0.405,$0.3809,$0.3866,"$1,454,332,113","$19,604,528,433",XRP
"Jan 15, 2023",$0.3955,$0.3962,$0.3811,$0.3849,"$829,206,058","$19,518,617,706",XRP
"Jan 14, 2023",$0.3858,$0.4079,$0.3858,$0.3954,"$1,601,102,466","$20,054,205,585",XRP
"Jan 13, 2023",$0.3752,$0.3864,$0.3706,$0.3858,"$990,539,135","$19,565,403,265",XRP
"Jan 12, 2023",$0.374,$0.3783,$0.3659,$0.3752,"$1,226,464,922","$18,993,713,034",XRP
"Jan 11, 2023",$0.3513,$0.376,$0.3487,$0.3742,"$1,498,360,174","$18,941,118,475",XRP
"Jan 10, 2023",$0.3493,$0.3538,$0.3453,$0.3512,"$815,342,810","$17,780,977,375",XRP
"Jan 09, 2023",$0.3453,$0.3566,$0.3443,$0.3493,"$1,420,062,936","$17,684,746,759",XRP
"Jan 08, 2023",$0.3443,$0.3455,$0.3392,$0.3454,"$515,669,684","$17,462,625,811",XRP
"Jan 07, 2023",$0.3446,$0.3455,$0.342,$0.3443,"$334,559,534","$17,407,484,301",XRP
"Jan 06, 2023",$0.338,$0.3455,$0.3328,$0.3446,"$741,263,420","$17,426,551,243",XRP
"Jan 05, 2023",$0.3478,$0.3483,$0.3375,$0.338,"$669,029,812","$17,092,550,653",XRP
"Jan 04, 2023",$0.3438,$0.3509,$0.3428,$0.3478,"$803,671,745","$17,585,797,404",XRP
"Jan 03, 2023",$0.3485,$0.351,$0.342,$0.3438,"$811,872,325","$17,385,025,779",XRP
"Jan 02, 2023",$0.3388,$0.3541,$0.3216,$0.3486,"$1,325,787,126","$17,547,510,208",XRP
"Jan 01, 2023",$0.3399,$0.3399,$0.3363,$0.3388,"$290,828,851","$17,054,534,692",XRP
"Dec 31, 2022",$0.345,$0.3451,$0.3399,$0.3399,"$337,167,278","$17,113,207,466",XRP
"Dec 30, 2022",$0.3428,$0.3453,$0.3353,$0.345,"$672,119,602","$17,369,345,853",XRP
"Dec 29, 2022",$0.3565,$0.3572,$0.3389,$0.3428,"$898,022,518","$17,260,084,064",XRP
"Dec 28, 2022",$0.3681,$0.3685,$0.3561,$0.3565,"$839,617,676","$17,949,002,163",XRP
"Dec 27, 2022",$0.3657,$0.3723,$0.3594,$0.3681,"$905,248,563","$18,532,744,797",XRP
"Dec 26, 2022",$0.3464,$0.3691,$0.346,$0.3657,"$797,909,103","$18,411,763,328",XRP
"Dec 25, 2022",$0.3522,$0.3522,$0.3447,$0.3464,"$323,700,210","$17,438,570,226",XRP
"Dec 24, 2022",$0.3543,$0.3543,$0.3515,$0.3522,"$225,391,032","$17,729,913,121",XRP
"Dec 23, 2022",$0.3496,$0.3545,$0.3477,$0.3543,"$577,979,156","$17,835,345,727",XRP
"Dec 22, 2022",$0.346,$0.3498,$0.3424,$0.3496,"$685,101,342","$17,600,066,503",XRP
"Dec 21, 2022",$0.3493,$0.3502,$0.3397,$0.346,"$743,732,204","$17,419,840,851",XRP
"Dec 20, 2022",$0.3389,$0.3528,$0.3373,$0.3494,"$932,296,715","$17,588,658,613",XRP
"Dec 19, 2022",$0.3503,$0.3526,$0.3343,$0.3389,"$986,711,247","$17,059,893,035",XRP
"Dec 18, 2022",$0.3548,$0.355,$0.3486,$0.3503,"$313,888,826","$17,633,841,640",XRP
"Dec 17, 2022",$0.3519,$0.3564,$0.3488,$0.3548,"$590,468,250","$17,862,371,950",XRP
"Dec 16, 2022",$0.3782,$0.3796,$0.3481,$0.352,"$1,061,370,203","$17,720,304,137",XRP
"Dec 15, 2022",$0.3864,$0.3867,$0.3754,$0.3782,"$739,736,057","$19,061,409,182",XRP
"Dec 14, 2022",$0.3951,$0.3953,$0.38,$0.38,"$896,146,097","$19,151,759,659",XRP
"Dec 13, 2022",$0.3874,$0.3961,$0.3793,$0.3951,"$1,137,292,765","$19,911,364,617",XRP
"Dec 12, 2022",$0.3817,$0.3888,$0.3727,$0.3874,"$881,038,173","$19,522,893,732",XRP
"Dec 11, 2022",$0.3867,$0.3885,$0.3806,$0.3817,"$366,643,114","$19,238,421,246",XRP
"Dec 10, 2022",$0.3892,$0.3893,$0.3862,$0.3867,"$331,624,480","$19,487,806,149",XRP
"Dec 09, 2022",$0.3946,$0.3949,$0.3862,$0.3892,"$693,718,603","$19,611,540,209",XRP
"Dec 08, 2022",$0.3837,$0.395,$0.3836,$0.3945,"$770,396,956","$19,829,987,452",XRP
"Dec 07, 2022",$0.3921,$0.3921,$0.3766,$0.3837,"$839,949,038","$19,285,998,618",XRP
"Dec 06, 2022",$0.3896,$0.3923,$0.3817,$0.3921,"$814,317,329","$19,706,800,625",XRP
"Dec 05, 2022",$0.3906,$0.3946,$0.3834,$0.3896,"$890,179,719","$19,580,668,440",XRP
"Dec 04, 2022",$0.3881,$0.3928,$0.3875,$0.3907,"$450,960,651","$19,638,535,967",XRP
"Dec 03, 2022",$0.3963,$0.3964,$0.3876,$0.3881,"$496,500,336","$19,508,455,691",XRP
"Dec 02, 2022",$0.3967,$0.3976,$0.3855,$0.3963,"$778,302,835","$19,916,879,146",XRP
"Dec 01, 2022",$0.4087,$0.409,$0.3955,$0.3967,"$742,091,191","$19,950,475,177",XRP
"Nov 30, 2022",$0.3986,$0.4108,$0.3952,$0.4087,"$933,343,511","$20,555,697,300",XRP
"Nov 29, 2022",$0.3903,$0.403,$0.3843,$0.3985,"$969,049,648","$20,043,018,277",XRP
"Nov 28, 2022",$0.3968,$0.3988,$0.3755,$0.3903,"$1,179,083,829","$19,632,523,704",XRP
"Nov 27, 2022",$0.3966,$0.4079,$0.396,$0.3968,"$630,018,233","$19,959,580,741",XRP
"Nov 26, 2022",$0.4084,$0.4123,$0.3951,$0.3966,"$614,794,664","$19,949,935,573",XRP
"Nov 25, 2022",$0.402,$0.4169,$0.3902,$0.4084,"$1,269,230,070","$20,542,585,996",XRP
"Nov 24, 2022",$0.3816,$0.404,$0.3754,$0.402,"$1,259,638,131","$20,219,699,925",XRP
"Nov 23, 2022",$0.376,$0.3818,$0.3691,$0.3816,"$1,100,062,349","$19,193,064,767",XRP
"Nov 22, 2022",$0.3647,$0.3777,$0.3524,$0.3761,"$1,363,821,412","$18,915,378,392",XRP
"Nov 21, 2022",$0.3619,$0.3672,$0.3478,$0.3648,"$2,153,323,835","$18,348,913,563",XRP
"Nov 20, 2022",$0.3847,$0.3936,$0.361,$0.3619,"$1,156,162,576","$18,205,365,404",XRP
"Nov 19, 2022",$0.3831,$0.3874,$0.3769,$0.3847,"$571,403,780","$19,349,879,043",XRP
"Nov 18, 2022",$0.3825,$0.3864,$0.376,$0.3831,"$945,178,987","$19,267,598,675",XRP
"Nov 17, 2022",$0.3763,$0.3848,$0.3704,$0.3825,"$1,326,199,204","$19,216,121,055",XRP
"Nov 16, 2022",$0.3885,$0.3903,$0.3649,$0.3763,"$1,315,104,592","$18,902,513,070",XRP
"Nov 15, 2022",$0.3763,$0.3959,$0.3685,$0.3885,"$1,966,568,664","$19,516,350,636",XRP
"Nov 14, 2022",$0.3403,$0.3779,$0.324,$0.3764,"$2,400,878,272","$18,907,756,411",XRP
"Nov 13, 2022",$0.3637,$0.3688,$0.3353,$0.3403,"$1,064,115,311","$17,088,087,648",XRP
"Nov 12, 2022",$0.3842,$0.3842,$0.3614,$0.3637,"$931,936,263","$18,262,147,322",XRP
"Nov 11, 2022",$0.3956,$0.3977,$0.3693,$0.3842,"$1,720,205,430","$19,290,648,473",XRP
"Nov 10, 2022",$0.3332,$0.4005,$0.3312,$0.3957,"$3,104,223,968","$19,870,450,816",XRP
"Nov 09, 2022",$0.4063,$0.4099,$0.3258,$0.3332,"$3,642,933,610","$16,730,760,051",XRP
"Nov 08, 2022",$0.4658,$0.4666,$0.3621,$0.4062,"$3,984,776,863","$20,399,541,868",XRP
"Nov 07, 2022",$0.4707,$0.4792,$0.4622,$0.4659,"$1,592,938,583","$23,393,125,567",XRP
"Nov 06, 2022",$0.4933,$0.4943,$0.4705,$0.4707,"$940,815,148","$23,634,830,441",XRP
"Nov 05, 2022",$0.5044,$0.5071,$0.4921,$0.4933,"$1,216,193,223","$24,772,691,849",XRP
"Nov 04, 2022",$0.4551,$0.5051,$0.454,$0.5044,"$2,774,226,120","$25,328,813,288",XRP
"Nov 03, 2022",$0.4509,$0.4594,$0.4501,$0.4551,"$1,086,924,485","$22,795,640,616",XRP
"Nov 02, 2022",$0.4645,$0.4653,$0.4478,$0.4509,"$1,381,853,436","$22,582,217,542",XRP
"Nov 01, 2022",$0.4658,$0.4664,$0.4553,$0.4646,"$1,273,429,763","$23,268,532,975",XRP
"Oct 31, 2022",$0.4584,$0.4661,$0.4495,$0.4659,"$1,462,007,947","$23,335,529,040",XRP
"Oct 30, 2022",$0.4704,$0.4725,$0.4556,$0.4585,"$964,813,817","$22,961,905,543",XRP
"Oct 29, 2022",$0.474,$0.4817,$0.4677,$0.4704,"$1,404,785,407","$23,560,983,657",XRP
"Oct 28, 2022",$0.4624,$0.4747,$0.4578,$0.474,"$1,201,992,237","$23,739,538,030",XRP
"Oct 27, 2022",$0.4694,$0.4805,$0.461,$0.4624,"$1,694,861,069","$23,159,818,758",XRP
"Oct 26, 2022",$0.4615,$0.4703,$0.4581,$0.4694,"$1,440,473,976","$23,508,876,432",XRP
"Oct 25, 2022",$0.4538,$0.471,$0.4454,$0.4615,"$1,605,966,218","$23,025,074,861",XRP
"Oct 24, 2022",$0.469,$0.471,$0.4497,$0.4538,"$1,293,537,737","$22,639,752,900",XRP
"Oct 23, 2022",$0.4655,$0.471,$0.4534,$0.469,"$950,974,305","$23,398,675,902",XRP
"Oct 22, 2022",$0.4611,$0.4701,$0.4573,$0.4655,"$884,856,882","$23,220,931,124",XRP
"Oct 21, 2022",$0.448,$0.4611,$0.4378,$0.4611,"$1,644,912,255","$23,002,804,543",XRP
"Oct 20, 2022",$0.4512,$0.4638,$0.4344,$0.4481,"$1,712,992,943","$22,353,590,914",XRP
"Oct 19, 2022",$0.466,$0.4664,$0.4501,$0.4512,"$1,434,466,929","$22,510,367,891",XRP
"Oct 18, 2022",$0.4799,$0.4834,$0.4598,$0.466,"$1,380,317,427","$23,246,220,237",XRP
"Oct 17, 2022",$0.477,$0.4813,$0.4653,$0.4799,"$1,476,868,338","$23,941,672,564",XRP
"Oct 16, 2022",$0.4815,$0.4871,$0.4718,$0.477,"$1,028,960,255","$23,833,409,895",XRP
"Oct 15, 2022",$0.489,$0.4897,$0.48,$0.4815,"$842,401,177","$24,058,110,512",XRP
"Oct 14, 2022",$0.4808,$0.5095,$0.4793,$0.489,"$2,184,144,921","$24,430,778,153",XRP
"Oct 13, 2022",$0.4884,$0.4891,$0.445,$0.4808,"$2,840,221,578","$24,023,362,892",XRP
"Oct 12, 2022",$0.4854,$0.4947,$0.4838,$0.4884,"$1,375,026,360","$24,401,024,216",XRP
"Oct 11, 2022",$0.4967,$0.5009,$0.4809,$0.4854,"$2,303,743,073","$24,252,485,456",XRP
"Oct 10, 2022",$0.534,$0.5373,$0.497,$0.497,"$2,359,086,772","$24,780,401,212",XRP
"Oct 09, 2022",$0.5171,$0.5414,$0.5082,$0.5341,"$1,789,206,998","$26,627,502,147",XRP
"Oct 08, 2022",$0.5182,$0.5279,$0.5144,$0.5171,"$1,771,062,053","$25,782,535,420",XRP
"Oct 07, 2022",$0.4933,$0.5216,$0.4842,$0.5183,"$2,627,481,992","$25,840,612,947",XRP
"Oct 06, 2022",$0.4897,$0.5041,$0.4894,$0.4932,"$1,913,140,571","$24,589,449,780",XRP
"Oct 05, 2022",$0.4801,$0.4993,$0.4734,$0.4897,"$2,480,530,357","$24,414,916,892",XRP
"Oct 04, 2022",$0.4629,$0.4846,$0.453,$0.4802,"$2,192,220,219","$23,940,784,014",XRP
"Oct 03, 2022",$0.4489,$0.4676,$0.4395,$0.4629,"$1,852,548,565","$23,097,957,383",XRP
"Oct 02, 2022",$0.4751,$0.4774,$0.4482,$0.4489,"$1,524,148,633","$22,397,914,680",XRP
"Oct 01, 2022",$0.4798,$0.4835,$0.4696,$0.4751,"$1,544,057,825","$23,708,298,085",XRP
"Sep 30, 2022",$0.4854,$0.496,$0.4722,$0.4798,"$3,780,354,931","$23,941,064,802",XRP
"Sep 29, 2022",$0.4506,$0.503,$0.4285,$0.4854,"$3,292,742,359","$24,222,633,573",XRP
"Sep 28, 2022",$0.4486,$0.4544,$0.4196,$0.4507,"$2,670,489,294","$22,488,810,461",XRP
"Sep 27, 2022",$0.4678,$0.4852,$0.4403,$0.4488,"$2,838,537,511","$22,394,230,954",XRP
"Sep 26, 2022",$0.4927,$0.4999,$0.4598,$0.4677,"$2,916,387,564","$23,337,442,440",XRP
"Sep 25, 2022",$0.4887,$0.5183,$0.4787,$0.4926,"$3,422,191,941","$24,556,855,664",XRP
"Sep 24, 2022",$0.5072,$0.515,$0.474,$0.4887,"$3,512,953,969","$24,361,892,064",XRP
"Sep 23, 2022",$0.4851,$0.5523,$0.4589,$0.5072,"$7,798,770,582","$25,281,849,966",XRP
"Sep 22, 2022",$0.3965,$0.4912,$0.3948,$0.4851,"$4,916,275,588","$24,181,658,725",XRP
"Sep 21, 2022",$0.4152,$0.4283,$0.388,$0.3968,"$3,401,100,359","$19,781,367,193",XRP
"Sep 20, 2022",$0.387,$0.4215,$0.3725,$0.4152,"$3,912,067,532","$20,696,344,827",XRP
"Sep 19, 2022",$0.3583,$0.3915,$0.3418,$0.3871,"$2,788,638,051","$19,295,117,862",XRP
"Sep 18, 2022",$0.3769,$0.3969,$0.3581,$0.3583,"$2,485,765,138","$17,853,819,363",XRP
"Sep 17, 2022",$0.3566,$0.3789,$0.3476,$0.377,"$1,621,592,330","$18,784,590,639",XRP
"Sep 16, 2022",$0.3264,$0.3571,$0.3235,$0.3567,"$1,375,977,237","$17,772,325,399",XRP
"Sep 15, 2022",$0.3421,$0.3425,$0.3256,$0.3263,"$1,521,572,444","$16,259,959,473",XRP
"Sep 14, 2022",$0.333,$0.3439,$0.3324,$0.3421,"$1,227,835,854","$17,044,594,427",XRP
"Sep 13, 2022",$0.3595,$0.3596,$0.332,$0.3337,"$1,443,625,685","$16,626,554,286",XRP
"Sep 12, 2022",$0.3551,$0.3594,$0.3493,$0.3594,"$1,077,587,297","$17,909,722,399",XRP
"Sep 11, 2022",$0.3577,$0.3595,$0.3518,$0.3551,"$650,515,883","$17,694,152,749",XRP
"Sep 10, 2022",$0.3575,$0.3612,$0.353,$0.3577,"$851,397,394","$17,821,814,164",XRP
"Sep 09, 2022",$0.3402,$0.3576,$0.34,$0.3575,"$1,487,790,472","$17,813,656,403",XRP
"Sep 08, 2022",$0.3373,$0.3426,$0.3294,$0.3402,"$1,065,222,913","$16,891,985,461",XRP
"Sep 07, 2022",$0.3222,$0.3384,$0.3159,$0.3374,"$1,128,804,315","$16,749,087,226",XRP
"Sep 06, 2022",$0.333,$0.3426,$0.3211,$0.3222,"$1,337,360,825","$15,996,480,398",XRP
"Sep 05, 2022",$0.3318,$0.3332,$0.3234,$0.333,"$761,048,973","$16,530,280,700",XRP
"Sep 04, 2022",$0.33,$0.3325,$0.3289,$0.3318,"$431,905,800","$16,472,643,158",XRP
"Sep 03, 2022",$0.3313,$0.3326,$0.3276,$0.33,"$473,116,925","$16,381,795,219",XRP
"Sep 02, 2022",$0.3332,$0.3349,$0.3263,$0.3313,"$899,373,528","$16,445,851,060",XRP
"Sep 01, 2022",$0.3279,$0.3332,$0.3224,$0.3332,"$875,126,154","$16,541,923,560",XRP
"Aug 31, 2022",$0.3269,$0.3336,$0.3249,$0.3279,"$882,676,752","$16,277,583,810",XRP
"Aug 30, 2022",$0.3338,$0.3355,$0.3211,$0.3269,"$948,448,428","$16,227,920,584",XRP
"Aug 29, 2022",$0.3231,$0.3338,$0.3194,$0.3338,"$980,137,287","$16,571,829,586",XRP
"Aug 28, 2022",$0.3353,$0.3372,$0.3231,$0.3231,"$596,573,621","$16,005,208,825",XRP
"Aug 27, 2022",$0.3384,$0.3402,$0.3304,$0.3353,"$920,820,399","$16,612,156,193",XRP
"Aug 26, 2022",$0.3495,$0.3696,$0.3339,$0.3384,"$1,653,482,688","$16,761,909,295",XRP
"Aug 25, 2022",$0.3462,$0.3514,$0.3443,$0.3495,"$970,585,823","$17,313,091,253",XRP
"Aug 24, 2022",$0.3471,$0.3521,$0.3396,$0.3461,"$957,472,562","$17,147,061,679",XRP
"Aug 23, 2022",$0.3447,$0.3477,$0.334,$0.3471,"$930,696,331","$17,193,965,185",XRP
"Aug 22, 2022",$0.3453,$0.3453,$0.3325,$0.3447,"$1,001,511,240","$17,076,526,812",XRP
"Aug 21, 2022",$0.3375,$0.3482,$0.3365,$0.3453,"$835,616,993","$17,050,167,032",XRP
"Aug 20, 2022",$0.335,$0.3424,$0.3336,$0.3375,"$848,212,364","$16,666,962,364",XRP
"Aug 19, 2022",$0.371,$0.371,$0.3338,$0.335,"$1,645,536,381","$16,543,927,023",XRP
"Aug 18, 2022",$0.3797,$0.3809,$0.3709,$0.371,"$927,786,270","$18,317,336,209",XRP
"Aug 17, 2022",$0.3772,$0.3909,$0.3698,$0.3797,"$1,408,497,181","$18,749,023,129",XRP
"Aug 16, 2022",$0.3757,$0.3776,$0.368,$0.3772,"$930,440,616","$18,627,048,240",XRP
"Aug 15, 2022",$0.3765,$0.3848,$0.368,$0.3758,"$1,046,905,199","$18,465,237,281",XRP
"Aug 14, 2022",$0.378,$0.3909,$0.3759,$0.3765,"$754,512,693","$18,498,504,134",XRP
"Aug 13, 2022",$0.38,$0.386,$0.3775,$0.378,"$590,320,028","$18,572,869,961",XRP
"Aug 12, 2022",$0.3805,$0.3805,$0.3715,$0.38,"$923,071,430","$18,672,677,481",XRP
"Aug 11, 2022",$0.3811,$0.3851,$0.3784,$0.3806,"$1,088,394,568","$18,700,545,846",XRP
"Aug 10, 2022",$0.3681,$0.3811,$0.3601,$0.3811,"$1,732,723,595","$18,421,841,324",XRP
"Aug 09, 2022",$0.3788,$0.3797,$0.3629,$0.3681,"$4,098,651,206","$17,795,137,986",XRP
"Aug 08, 2022",$0.3725,$0.3841,$0.3721,$0.3788,"$1,030,742,941","$18,310,139,570",XRP
"Aug 07, 2022",$0.3716,$0.3767,$0.3693,$0.3725,"$509,151,829","$18,008,096,795",XRP
"Aug 06, 2022",$0.3766,$0.3771,$0.3716,$0.3716,"$498,759,511","$17,962,887,586",XRP
"Aug 05, 2022",$0.3713,$0.3779,$0.368,$0.3766,"$986,100,302","$18,205,780,800",XRP
"Aug 04, 2022",$0.3699,$0.3746,$0.3654,$0.3714,"$916,895,439","$17,952,280,005",XRP
"Aug 03, 2022",$0.372,$0.3768,$0.3645,$0.3699,"$1,105,707,649","$17,879,768,857",XRP
"Aug 02, 2022",$0.3799,$0.3915,$0.3683,$0.372,"$1,232,425,419","$17,984,627,630",XRP
"Aug 01, 2022",$0.3804,$0.3854,$0.3723,$0.38,"$1,059,391,028","$18,369,217,305",XRP
"Jul 31, 2022",$0.3878,$0.3979,$0.3802,$0.3805,"$1,359,568,596","$18,392,533,898",XRP
"Jul 30, 2022",$0.3687,$0.4079,$0.3649,$0.3878,"$1,767,280,595","$18,745,697,941",XRP
"Jul 29, 2022",$0.3734,$0.3791,$0.3608,$0.3687,"$1,706,911,237","$17,822,893,716",XRP
"Jul 28, 2022",$0.3591,$0.3777,$0.3515,$0.3734,"$1,839,928,651","$18,050,137,973",XRP
"Jul 27, 2022",$0.3378,$0.3591,$0.3312,$0.3591,"$1,314,040,220","$17,360,873,681",XRP
"Jul 26, 2022",$0.3373,$0.3378,$0.3264,$0.3378,"$1,110,467,650","$16,331,071,436",XRP
"Jul 25, 2022",$0.3592,$0.3602,$0.3373,$0.3373,"$1,207,904,872","$16,306,869,205",XRP
"Jul 24, 2022",$0.3595,$0.3666,$0.3571,$0.3593,"$912,894,827","$17,367,749,271",XRP
"Jul 23, 2022",$0.3585,$0.3626,$0.3508,$0.3595,"$863,843,426","$17,381,325,243",XRP
"Jul 22, 2022",$0.367,$0.3708,$0.3555,$0.3586,"$1,150,022,760","$17,336,011,344",XRP
"Jul 21, 2022",$0.3607,$0.368,$0.3497,$0.367,"$1,202,692,151","$17,743,651,633",XRP
"Jul 20, 2022",$0.3733,$0.3811,$0.3587,$0.3605,"$1,534,818,247","$17,426,926,095",XRP
"Jul 19, 2022",$0.366,$0.376,$0.3529,$0.3732,"$1,604,201,237","$18,042,875,063",XRP
"Jul 18, 2022",$0.3434,$0.3688,$0.3434,$0.3662,"$1,627,385,386","$17,702,130,475",XRP
"Jul 17, 2022",$0.3509,$0.3599,$0.3434,$0.3434,"$1,093,079,294","$16,601,593,223",XRP
"Jul 16, 2022",$0.3345,$0.3553,$0.3322,$0.3509,"$1,292,123,515","$16,961,727,489",XRP
"Jul 15, 2022",$0.3332,$0.3462,$0.3282,$0.3345,"$1,512,184,333","$16,172,471,780",XRP
"Jul 14, 2022",$0.3238,$0.3332,$0.3134,$0.3332,"$3,386,821,229","$16,108,927,504",XRP
"Jul 13, 2022",$0.3117,$0.3251,$0.3043,$0.3237,"$1,295,979,555","$15,650,128,125",XRP
"Jul 12, 2022",$0.3143,$0.3176,$0.3091,$0.3117,"$968,873,598","$15,066,558,642",XRP
"Jul 11, 2022",$0.3257,$0.3286,$0.3123,$0.3143,"$1,042,057,085","$15,194,070,307",XRP
"Jul 10, 2022",$0.3449,$0.3449,$0.3221,$0.3257,"$913,229,467","$15,743,541,094",XRP
"Jul 09, 2022",$0.3416,$0.347,$0.3403,$0.345,"$602,546,961","$16,676,069,389",XRP
"Jul 08, 2022",$0.3422,$0.3565,$0.3371,$0.3416,"$1,469,173,608","$16,515,377,535",XRP
"Jul 07, 2022",$0.3323,$0.3435,$0.3273,$0.3422,"$1,037,133,139","$16,540,655,945",XRP
"Jul 06, 2022",$0.3255,$0.333,$0.3206,$0.3323,"$1,099,742,037","$16,063,036,115",XRP
"Jul 05, 2022",$0.3287,$0.3302,$0.3143,$0.3254,"$1,130,550,266","$15,731,938,098",XRP
"Jul 04, 2022",$0.3217,$0.3291,$0.3156,$0.3288,"$1,018,446,189","$15,894,714,861",XRP
"Jul 03, 2022",$0.3156,$0.3252,$0.3102,$0.3217,"$728,566,418","$15,552,125,746",XRP
"Jul 02, 2022",$0.3137,$0.317,$0.3105,$0.3156,"$608,601,610","$15,256,090,645",XRP
"Jul 01, 2022",$0.3316,$0.3331,$0.3115,$0.3137,"$1,249,145,615","$15,164,098,194",XRP
"Jun 30, 2022",$0.329,$0.3315,$0.3077,$0.3314,"$1,456,445,785","$16,023,213,662",XRP
"Jun 29, 2022",$0.3374,$0.3411,$0.3234,$0.329,"$1,094,664,825","$15,903,810,210",XRP
"Jun 28, 2022",$0.3532,$0.3553,$0.3369,$0.3373,"$1,038,924,972","$16,307,549,066",XRP
"Jun 27, 2022",$0.3589,$0.366,$0.351,$0.3532,"$989,571,906","$17,076,467,746",XRP
"Jun 26, 2022",$0.3675,$0.3737,$0.3588,$0.3589,"$789,514,304","$17,348,594,105",XRP
"Jun 25, 2022",$0.3676,$0.3723,$0.3557,$0.3676,"$912,142,249","$17,768,795,974",XRP
"Jun 24, 2022",$0.3355,$0.3847,$0.3355,$0.3676,"$2,253,100,828","$17,770,272,992",XRP
"Jun 23, 2022",$0.3226,$0.3361,$0.3222,$0.3355,"$927,324,605","$16,220,625,762",XRP
"Jun 22, 2022",$0.3287,$0.3291,$0.3196,$0.3226,"$1,064,144,662","$15,594,753,283",XRP
"Jun 21, 2022",$0.3233,$0.3361,$0.3202,$0.3286,"$1,247,582,002","$15,886,801,532",XRP
"Jun 20, 2022",$0.326,$0.328,$0.3142,$0.3233,"$1,187,888,833","$15,631,560,627",XRP
"Jun 19, 2022",$0.308,$0.3305,$0.2989,$0.3261,"$1,159,418,572","$15,762,422,675",XRP
"Jun 18, 2022",$0.3213,$0.3257,$0.2906,$0.3081,"$1,403,189,628","$14,894,007,804",XRP
"Jun 17, 2022",$0.3121,$0.3385,$0.3112,$0.3214,"$1,381,554,091","$15,536,563,814",XRP
"Jun 16, 2022",$0.3437,$0.3454,$0.3084,$0.3121,"$1,477,710,114","$15,085,737,177",XRP
"Jun 15, 2022",$0.3221,$0.3448,$0.3007,$0.3437,"$2,242,860,490","$16,615,670,711",XRP
"Jun 14, 2022",$0.3108,$0.3235,$0.2952,$0.3221,"$1,977,069,964","$15,573,376,110",XRP
"Jun 13, 2022",$0.3454,$0.3489,$0.3039,$0.3108,"$2,558,939,154","$15,025,141,139",XRP
"Jun 12, 2022",$0.3591,$0.3647,$0.3416,$0.3455,"$1,370,072,145","$16,702,074,997",XRP
"Jun 11, 2022",$0.3818,$0.3881,$0.3586,$0.359,"$1,111,401,064","$17,356,403,264",XRP
"Jun 10, 2022",$0.4003,$0.4099,$0.3809,$0.3817,"$1,424,539,679","$18,454,292,632",XRP
"Jun 09, 2022",$0.4007,$0.4036,$0.3976,$0.4003,"$911,815,336","$19,352,904,030",XRP
"Jun 08, 2022",$0.4077,$0.4099,$0.3961,$0.4006,"$1,183,206,226","$19,368,563,789",XRP
"Jun 07, 2022",$0.403,$0.4165,$0.3858,$0.4077,"$1,666,703,798","$19,709,597,576",XRP
"Jun 06, 2022",$0.3954,$0.4085,$0.3949,$0.403,"$1,221,803,580","$19,482,794,691",XRP
"Jun 05, 2022",$0.3923,$0.3993,$0.3903,$0.3954,"$726,398,938","$19,113,884,341",XRP
"Jun 04, 2022",$0.3908,$0.3935,$0.3863,$0.3923,"$696,569,397","$18,965,420,646",XRP
"Jun 03, 2022",$0.4053,$0.4094,$0.3855,$0.3908,"$1,284,592,602","$18,890,841,706",XRP
"Jun 02, 2022",$0.3981,$0.4067,$0.3926,$0.4053,"$1,298,797,541","$19,593,540,143",XRP
"Jun 01, 2022",$0.4219,$0.4251,$0.3926,$0.3981,"$1,569,696,040","$19,244,684,532",XRP
"May 31, 2022",$0.4181,$0.4297,$0.4089,$0.4219,"$1,738,462,198","$20,394,341,358",XRP
"May 30, 2022",$0.389,$0.4187,$0.3876,$0.4182,"$1,404,448,305","$20,215,892,251",XRP
"May 29, 2022",$0.3863,$0.3895,$0.3808,$0.389,"$752,879,867","$18,806,261,248",XRP
"May 28, 2022",$0.3866,$0.3881,$0.3817,$0.3863,"$865,258,883","$18,676,059,698",XRP
"May 27, 2022",$0.3931,$0.4013,$0.3782,$0.3818,"$1,927,217,638","$18,456,779,481",XRP
"May 26, 2022",$0.4058,$0.4101,$0.3807,$0.3932,"$2,091,610,974","$19,007,056,733",XRP
"May 25, 2022",$0.4087,$0.413,$0.3968,$0.4058,"$1,587,278,448","$19,616,910,103",XRP
"May 24, 2022",$0.4047,$0.4133,$0.3936,$0.4087,"$1,394,251,522","$19,758,431,074",XRP
"May 23, 2022",$0.4223,$0.4278,$0.4044,$0.4047,"$1,399,019,792","$19,563,044,262",XRP
"May 22, 2022",$0.4147,$0.4243,$0.4111,$0.4223,"$896,133,087","$20,417,096,593",XRP
"May 21, 2022",$0.4111,$0.4173,$0.4054,$0.4147,"$875,738,315","$20,046,598,080",XRP
"May 20, 2022",$0.4199,$0.4375,$0.4032,$0.4111,"$1,721,877,559","$19,875,640,538",XRP
"May 19, 2022",$0.4061,$0.4224,$0.3975,$0.42,"$1,557,252,121","$20,302,962,987",XRP
"May 18, 2022",$0.4376,$0.4413,$0.4062,$0.4062,"$1,599,734,223","$19,635,318,935",XRP
"May 17, 2022",$0.4225,$0.4391,$0.4212,$0.4376,"$1,598,581,919","$21,156,072,907",XRP
"May 16, 2022",$0.4474,$0.4476,$0.4121,$0.4225,"$1,839,092,427","$20,424,915,692",XRP
"May 15, 2022",$0.4277,$0.4476,$0.4166,$0.4474,"$1,427,697,924","$21,627,310,018",XRP
"May 14, 2022",$0.4234,$0.4395,$0.3987,$0.4278,"$2,021,953,522","$20,679,924,723",XRP
"May 13, 2022",$0.3852,$0.4623,$0.3827,$0.4234,"$2,949,331,810","$20,469,313,382",XRP
"May 12, 2022",$0.4134,$0.4265,$0.345,$0.3852,"$4,641,055,357","$18,622,029,266",XRP
"May 11, 2022",$0.5135,$0.5216,$0.3824,$0.4134,"$5,290,247,987","$19,983,884,939",XRP
"May 10, 2022",$0.4924,$0.5353,$0.4781,$0.5136,"$3,455,777,036","$24,830,250,477",XRP
"May 09, 2022",$0.5665,$0.576,$0.4807,$0.4929,"$3,297,478,002","$23,830,261,964",XRP
"May 08, 2022",$0.5824,$0.5826,$0.5628,$0.5665,"$1,505,054,300","$27,387,673,912",XRP
"May 07, 2022",$0.6026,$0.6038,$0.5739,$0.5823,"$1,250,412,025","$28,152,438,113",XRP
"May 06, 2022",$0.5988,$0.6135,$0.5916,$0.6026,"$2,003,273,389","$29,130,104,990",XRP
"May 05, 2022",$0.6465,$0.655,$0.5848,$0.5989,"$2,183,469,244","$28,951,984,894",XRP
"May 04, 2022",$0.6048,$0.6478,$0.6047,$0.6465,"$1,959,359,438","$31,252,541,255",XRP
"May 03, 2022",$0.6142,$0.6251,$0.5982,$0.6048,"$1,460,418,466","$29,130,203,226",XRP
"May 02, 2022",$0.6078,$0.6293,$0.6018,$0.6143,"$1,687,184,077","$29,549,544,283",XRP
"May 01, 2022",$0.5871,$0.6102,$0.581,$0.6078,"$1,657,999,135","$29,240,494,806",XRP
"Apr 30, 2022",$0.6114,$0.6271,$0.5816,$0.5871,"$1,649,221,930","$28,242,161,687",XRP
"Apr 29, 2022",$0.6443,$0.6456,$0.6039,$0.6114,"$1,962,197,662","$29,411,859,157",XRP
"Apr 28, 2022",$0.6523,$0.6553,$0.6363,$0.6444,"$1,546,067,106","$30,997,252,970",XRP
"Apr 27, 2022",$0.6418,$0.6614,$0.6404,$0.6523,"$1,722,422,062","$31,379,920,579",XRP
"Apr 26, 2022",$0.6943,$0.7041,$0.6344,$0.6417,"$2,160,649,427","$30,869,089,729",XRP
"Apr 25, 2022",$0.6988,$0.6989,$0.6482,$0.6944,"$2,377,291,271","$33,405,523,904",XRP
"Apr 24, 2022",$0.7075,$0.7118,$0.698,$0.6987,"$1,108,217,932","$33,613,015,003",XRP
"Apr 23, 2022",$0.7191,$0.7247,$0.7074,$0.7077,"$1,332,520,641","$34,044,327,572",XRP
"Apr 22, 2022",$0.7332,$0.7382,$0.7165,$0.7192,"$1,881,203,798","$34,597,013,609",XRP
"Apr 21, 2022",$0.7522,$0.7648,$0.725,$0.7332,"$1,990,297,103","$35,269,702,729",XRP
"Apr 20, 2022",$0.7751,$0.7751,$0.7444,$0.7522,"$1,798,898,557","$36,183,721,880",XRP
"Apr 19, 2022",$0.768,$0.7802,$0.76,$0.7751,"$1,834,225,828","$37,284,568,266",XRP
"Apr 18, 2022",$0.7532,$0.7682,$0.7324,$0.768,"$2,134,418,883","$36,968,648,414",XRP
"Apr 17, 2022",$0.7818,$0.7844,$0.7506,$0.7532,"$1,350,930,297","$36,253,212,424",XRP
"Apr 16, 2022",$0.7857,$0.7971,$0.7692,$0.7818,"$1,526,957,904","$37,634,094,415",XRP
"Apr 15, 2022",$0.7268,$0.7937,$0.7266,$0.7857,"$2,897,060,464","$37,818,615,459",XRP
"Apr 14, 2022",$0.7237,$0.7402,$0.7106,$0.7268,"$1,716,488,200","$34,985,591,016",XRP
"Apr 13, 2022",$0.7165,$0.7248,$0.704,$0.7238,"$1,678,860,044","$34,842,663,677",XRP
"Apr 12, 2022",$0.6952,$0.7216,$0.6943,$0.7166,"$1,990,027,592","$34,494,341,129",XRP
"Apr 11, 2022",$0.7564,$0.7564,$0.6857,$0.695,"$2,367,700,413","$33,455,057,716",XRP
"Apr 10, 2022",$0.7636,$0.7725,$0.7552,$0.7566,"$1,046,936,968","$36,419,765,610",XRP
"Apr 09, 2022",$0.754,$0.7661,$0.754,$0.7636,"$1,008,306,245","$36,755,308,793",XRP
"Apr 08, 2022",$0.788,$0.793,$0.7509,$0.7541,"$1,684,019,539","$36,296,665,540",XRP
"Apr 07, 2022",$0.7614,$0.7895,$0.7581,$0.788,"$1,628,783,831","$37,930,537,445",XRP
"Apr 06, 2022",$0.8176,$0.8184,$0.7613,$0.7613,"$2,527,126,540","$36,645,998,001",XRP
"Apr 05, 2022",$0.8272,$0.8333,$0.8171,$0.8176,"$1,548,706,718","$39,357,366,402",XRP
"Apr 04, 2022",$0.8429,$0.843,$0.8109,$0.8273,"$1,876,069,127","$39,819,890,699",XRP
"Apr 03, 2022",$0.8249,$0.8502,$0.8173,$0.843,"$1,348,476,817","$40,575,582,678",XRP
"Apr 02, 2022",$0.8277,$0.8486,$0.8248,$0.8249,"$1,624,227,101","$39,707,657,921",XRP
"Apr 01, 2022",$0.8147,$0.8337,$0.8103,$0.8277,"$2,091,887,103","$39,843,448,345",XRP
"Mar 31, 2022",$0.8609,$0.8709,$0.8039,$0.8146,"$2,611,691,934","$39,198,153,818",XRP
"Mar 30, 2022",$0.8579,$0.8713,$0.8494,$0.8608,"$1,832,671,641","$41,423,775,759",XRP
"Mar 29, 2022",$0.8631,$0.8844,$0.8489,$0.858,"$2,120,020,042","$41,288,330,509",XRP
"Mar 28, 2022",$0.8574,$0.9081,$0.8552,$0.8633,"$3,205,464,277","$41,543,592,040",XRP
"Mar 27, 2022",$0.8328,$0.8574,$0.8303,$0.8573,"$1,505,124,770","$41,256,704,403",XRP
"Mar 26, 2022",$0.8252,$0.8343,$0.8223,$0.8328,"$1,056,420,320","$40,074,334,008",XRP
"Mar 25, 2022",$0.843,$0.8441,$0.8229,$0.8251,"$1,600,059,784","$39,706,449,501",XRP
"Mar 24, 2022",$0.8379,$0.8493,$0.8296,$0.843,"$2,278,978,187","$40,564,997,433",XRP
"Mar 23, 2022",$0.8371,$0.8441,$0.8206,$0.8379,"$2,076,377,569","$40,320,473,827",XRP
"Mar 22, 2022",$0.838,$0.8629,$0.83,$0.8371,"$2,370,573,276","$40,282,456,862",XRP
"Mar 21, 2022",$0.806,$0.8511,$0.7922,$0.8382,"$2,485,293,314","$40,333,234,043",XRP
"Mar 20, 2022",$0.8194,$0.8208,$0.7982,$0.8061,"$1,529,598,149","$38,791,824,341",XRP
"Mar 19, 2022",$0.7981,$0.8252,$0.7936,$0.8194,"$2,046,393,370","$39,429,560,357",XRP
"Mar 18, 2022",$0.7935,$0.7991,$0.7794,$0.7983,"$1,850,743,124","$38,413,837,887",XRP
"Mar 17, 2022",$0.7934,$0.8006,$0.7844,$0.7935,"$1,862,028,805","$38,184,631,423",XRP
"Mar 16, 2022",$0.7667,$0.7936,$0.7592,$0.7935,"$2,480,411,473","$38,126,427,532",XRP
"Mar 15, 2022",$0.7746,$0.7758,$0.7456,$0.7668,"$1,830,181,545","$36,840,914,667",XRP
"Mar 14, 2022",$0.7614,$0.7759,$0.7526,$0.7747,"$2,212,291,022","$37,219,191,685",XRP
"Mar 13, 2022",$0.7865,$0.8036,$0.7584,$0.7614,"$2,141,326,402","$36,579,969,143",XRP
"Mar 12, 2022",$0.8022,$0.846,$0.7821,$0.7866,"$3,730,330,472","$37,792,455,205",XRP
"Mar 11, 2022",$0.7375,$0.8083,$0.7276,$0.8022,"$3,478,317,257","$38,540,442,556",XRP
"Mar 10, 2022",$0.767,$0.7755,$0.7266,$0.7375,"$2,418,938,595","$35,357,243,522",XRP
"Mar 09, 2022",$0.721,$0.7699,$0.721,$0.7672,"$2,408,572,082","$36,784,575,060",XRP
"Mar 08, 2022",$0.7232,$0.7293,$0.7159,$0.721,"$1,907,305,640","$34,566,738,897",XRP
"Mar 07, 2022",$0.726,$0.7517,$0.71,$0.7233,"$2,920,222,453","$34,677,454,030",XRP
"Mar 06, 2022",$0.7549,$0.7584,$0.7258,$0.726,"$1,862,292,224","$34,810,891,622",XRP
"Mar 05, 2022",$0.7128,$0.7661,$0.7075,$0.7549,"$2,297,850,919","$36,196,925,893",XRP
"Mar 04, 2022",$0.7523,$0.7531,$0.7056,$0.7127,"$2,359,803,521","$34,172,122,881",XRP
"Mar 03, 2022",$0.7685,$0.7839,$0.7389,$0.7522,"$2,213,014,779","$36,066,709,499",XRP
"Mar 02, 2022",$0.7849,$0.7849,$0.7596,$0.7685,"$2,401,047,273","$36,848,808,011",XRP
"Mar 01, 2022",$0.7821,$0.8006,$0.7612,$0.7849,"$2,877,778,057","$37,633,560,932",XRP
"Feb 28, 2022",$0.7219,$0.7883,$0.7132,$0.782,"$3,053,923,291","$37,498,438,055",XRP
"Feb 27, 2022",$0.751,$0.7649,$0.7109,$0.722,"$2,733,141,782","$34,619,021,226",XRP
"Feb 26, 2022",$0.7686,$0.7882,$0.7436,$0.751,"$3,051,695,701","$36,008,637,870",XRP
"Feb 25, 2022",$0.6963,$0.7689,$0.6858,$0.7689,"$3,460,713,330","$36,868,338,077",XRP
"Feb 24, 2022",$0.6986,$0.7129,$0.6271,$0.6963,"$5,146,799,150","$33,385,746,487",XRP
"Feb 23, 2022",$0.7229,$0.7389,$0.6963,$0.6987,"$2,690,184,820","$33,504,378,574",XRP
"Feb 22, 2022",$0.7033,$0.7252,$0.6788,$0.7228,"$3,539,593,096","$34,659,333,456",XRP
"Feb 21, 2022",$0.7782,$0.7997,$0.702,$0.7035,"$3,580,522,306","$33,730,672,760",XRP
"Feb 20, 2022",$0.8225,$0.8227,$0.77,$0.7783,"$3,041,836,889","$37,318,724,163",XRP
"Feb 19, 2022",$0.7859,$0.8498,$0.7736,$0.8225,"$3,325,442,943","$39,439,647,397",XRP
"Feb 18, 2022",$0.7673,$0.8039,$0.7603,$0.7859,"$2,913,093,056","$37,682,867,753",XRP
"Feb 17, 2022",$0.8387,$0.8441,$0.7582,$0.7672,"$2,798,023,719","$36,785,413,824",XRP
"Feb 16, 2022",$0.8524,$0.8524,$0.8131,$0.839,"$2,165,008,058","$40,180,105,122",XRP
"Feb 15, 2022",$0.8022,$0.8559,$0.7983,$0.8523,"$2,249,706,300","$40,816,850,707",XRP
"Feb 14, 2022",$0.8099,$0.8105,$0.7826,$0.8022,"$2,401,300,497","$38,372,052,719",XRP
"Feb 13, 2022",$0.8222,$0.8443,$0.7963,$0.8103,"$2,504,198,747","$38,757,348,317",XRP
"Feb 12, 2022",$0.7602,$0.8488,$0.753,$0.8224,"$3,457,258,389","$39,337,817,275",XRP
"Feb 11, 2022",$0.8299,$0.8299,$0.7543,$0.7602,"$3,346,204,748","$36,363,472,398",XRP
"Feb 10, 2022",$0.8709,$0.8946,$0.8299,$0.83,"$3,535,002,566","$39,701,428,233",XRP
"Feb 09, 2022",$0.8775,$0.9091,$0.8474,$0.8706,"$3,760,269,362","$41,644,223,972",XRP
"Feb 08, 2022",$0.8284,$0.9111,$0.8062,$0.8782,"$6,159,382,645","$42,006,172,833",XRP
"Feb 07, 2022",$0.6836,$0.8342,$0.6744,$0.8278,"$4,197,403,037","$39,596,604,271",XRP
"Feb 06, 2022",$0.6671,$0.6852,$0.6623,$0.6836,"$1,095,140,341","$32,700,536,071",XRP
"Feb 05, 2022",$0.6558,$0.6837,$0.6523,$0.6671,"$1,760,389,771","$31,910,303,814",XRP
"Feb 04, 2022",$0.6076,$0.6565,$0.6052,$0.6559,"$1,543,180,484","$31,372,230,240",XRP
"Feb 03, 2022",$0.6014,$0.6077,$0.5923,$0.6077,"$1,042,290,345","$29,067,008,485",XRP
"Feb 02, 2022",$0.6292,$0.6307,$0.5991,$0.6015,"$1,182,736,030","$28,712,954,961",XRP
"Feb 01, 2022",$0.619,$0.6303,$0.613,$0.6292,"$1,183,031,072","$30,037,662,360",XRP
"Jan 31, 2022",$0.6031,$0.6223,$0.5828,$0.6191,"$1,266,538,239","$29,556,246,106",XRP
"Jan 30, 2022",$0.617,$0.6225,$0.5998,$0.6032,"$870,878,596","$28,793,982,070",XRP
"Jan 29, 2022",$0.6125,$0.6234,$0.6103,$0.6169,"$958,847,124","$29,450,587,009",XRP
"Jan 28, 2022",$0.6086,$0.6129,$0.5934,$0.6125,"$1,318,006,848","$29,239,432,357",XRP
"Jan 27, 2022",$0.6219,$0.6235,$0.5915,$0.6088,"$1,586,137,620","$29,060,812,990",XRP
"Jan 26, 2022",$0.6175,$0.6525,$0.6086,$0.6221,"$2,302,112,575","$29,695,823,921",XRP
"Jan 25, 2022",$0.6121,$0.6212,$0.5899,$0.6176,"$1,731,121,388","$29,480,540,847",XRP
"Jan 24, 2022",$0.6288,$0.6288,$0.5587,$0.6121,"$2,759,980,202","$29,221,617,471",XRP
"Jan 23, 2022",$0.5962,$0.634,$0.5938,$0.6288,"$1,851,934,913","$30,014,890,499",XRP
"Jan 22, 2022",$0.636,$0.6518,$0.5594,$0.596,"$3,613,862,355","$28,453,215,896",XRP
"Jan 21, 2022",$0.7196,$0.7282,$0.6232,$0.6357,"$3,150,758,603","$30,348,183,253",XRP
"Jan 20, 2022",$0.7397,$0.7616,$0.7194,$0.7194,"$1,251,475,248","$34,289,841,110",XRP
"Jan 19, 2022",$0.7526,$0.7532,$0.7265,$0.7397,"$1,446,126,322","$35,258,733,501",XRP
"Jan 18, 2022",$0.7628,$0.768,$0.7395,$0.7526,"$1,510,069,237","$35,872,752,053",XRP
"Jan 17, 2022",$0.779,$0.7802,$0.7524,$0.7627,"$1,406,443,014","$36,354,642,921",XRP
"Jan 16, 2022",$0.7813,$0.784,$0.771,$0.779,"$1,005,077,258","$37,127,364,883",XRP
"Jan 15, 2022",$0.7743,$0.7889,$0.7709,$0.7814,"$1,029,135,167","$37,245,043,057",XRP
"Jan 14, 2022",$0.7684,$0.7894,$0.7556,$0.7743,"$1,576,111,969","$36,905,410,371",XRP
"Jan 13, 2022",$0.7995,$0.801,$0.7631,$0.7683,"$1,578,656,460","$36,584,041,452",XRP
"Jan 12, 2022",$0.7706,$0.806,$0.7596,$0.7995,"$1,976,047,994","$38,070,557,828",XRP
"Jan 11, 2022",$0.7394,$0.7735,$0.7342,$0.7706,"$1,897,366,203","$36,660,803,431",XRP
"Jan 10, 2022",$0.7544,$0.7585,$0.7055,$0.7393,"$2,014,043,704","$35,175,473,469",XRP
"Jan 09, 2022",$0.7477,$0.7663,$0.7415,$0.7545,"$1,182,503,166","$35,897,214,432",XRP
"Jan 08, 2022",$0.7631,$0.7751,$0.7278,$0.7477,"$1,792,091,501","$35,572,883,103",XRP
"Jan 07, 2022",$0.7813,$0.7813,$0.7346,$0.7631,"$2,329,624,598","$36,304,923,989",XRP
"Jan 06, 2022",$0.7743,$0.7892,$0.7443,$0.7813,"$2,165,022,786","$37,174,268,618",XRP
"Jan 05, 2022",$0.8247,$0.8355,$0.7327,$0.7744,"$2,252,733,064","$36,841,776,825",XRP
"Jan 04, 2022",$0.8329,$0.8441,$0.8196,$0.8247,"$1,514,079,366","$39,201,627,718",XRP
"Jan 03, 2022",$0.8591,$0.8591,$0.8241,$0.8329,"$1,428,968,710","$39,591,978,498",XRP
"Jan 02, 2022",$0.8494,$0.8636,$0.8392,$0.8591,"$1,134,033,205","$40,838,984,414",XRP
"Jan 01, 2022",$0.8313,$0.8532,$0.8307,$0.8495,"$1,156,464,024","$40,380,448,983",XRP
"Dec 31, 2021",$0.8397,$0.8529,$0.8058,$0.8312,"$1,736,939,791","$39,510,117,215",XRP
"Dec 30, 2021",$0.8179,$0.8563,$0.8045,$0.8396,"$1,880,399,926","$39,913,519,000",XRP
"Dec 29, 2021",$0.8531,$0.865,$0.8137,$0.8167,"$2,050,248,751","$38,823,298,887",XRP
"Dec 28, 2021",$0.9268,$0.9268,$0.8487,$0.853,"$2,281,985,956","$40,546,296,042",XRP
"Dec 27, 2021",$0.9208,$0.9559,$0.9145,$0.9262,"$1,788,981,449","$44,027,073,353",XRP
"Dec 26, 2021",$0.9257,$0.934,$0.9073,$0.9212,"$1,324,703,098","$43,789,189,736",XRP
"Dec 25, 2021",$0.9124,$0.9339,$0.9023,$0.9248,"$1,747,049,348","$43,962,148,015",XRP
"Dec 24, 2021",$0.9948,$0.9967,$0.8991,$0.912,"$3,864,725,087","$43,355,016,374",XRP
"Dec 23, 2021",$0.9548,$1.0166,$0.9408,$0.9933,"$4,257,231,145","$47,216,781,864",XRP
"Dec 22, 2021",$0.9481,$0.9728,$0.9272,$0.9547,"$3,317,199,427","$45,106,931,979",XRP
"Dec 21, 2021",$0.8794,$0.9609,$0.8544,$0.9476,"$3,748,952,692","$44,773,731,359",XRP
"Dec 20, 2021",$0.8359,$0.9143,$0.8264,$0.8798,"$4,587,029,518","$41,569,511,380",XRP
"Dec 19, 2021",$0.8272,$0.8483,$0.8213,$0.835,"$1,576,121,375","$39,453,059,811",XRP
"Dec 18, 2021",$0.799,$0.8347,$0.7928,$0.8274,"$1,806,931,648","$39,091,417,282",XRP
"Dec 17, 2021",$0.806,$0.8286,$0.7804,$0.7993,"$2,364,224,847","$37,764,335,881",XRP
"Dec 16, 2021",$0.8277,$0.837,$0.8046,$0.8062,"$2,178,245,900","$38,092,182,469",XRP
"Dec 15, 2021",$0.8117,$0.8401,$0.7798,$0.8274,"$3,088,068,968","$39,093,865,518",XRP
"Dec 14, 2021",$0.7828,$0.8176,$0.7756,$0.7962,"$3,477,802,545","$37,620,617,955",XRP
"Dec 13, 2021",$0.8414,$0.8459,$0.7645,$0.7829,"$2,509,034,504","$36,989,642,588",XRP
"Dec 12, 2021",$0.8387,$0.8568,$0.8112,$0.8413,"$1,628,060,313","$39,750,263,456",XRP
"Dec 11, 2021",$0.8021,$0.8443,$0.7894,$0.8393,"$2,056,974,461","$39,655,263,406",XRP
"Dec 10, 2021",$0.861,$0.8834,$0.7963,$0.8011,"$3,267,095,314","$37,849,684,985",XRP
"Dec 09, 2021",$0.8621,$0.9305,$0.8351,$0.8613,"$4,555,815,213","$40,692,779,516",XRP
